sensor_id,timestamp,temperature,humidity,location,sensor_type
1006,2025-04-07T20:58:40.000Z,32.88,52.04,BuildingA_Floor2,TypeA
1001,2025-04-05T17:26:53.000Z,18.64,52.19,BuildingB_Floor1,TypeB
1097,2025-04-05T02:58:42.000Z,31.26,65.11,BuildingA_Floor1,TypeA
1072,2025-04-06T07:05:50.000Z,30.64,34.38,BuildingB_Floor1,TypeB
1078,2025-04-07T15:24:22.000Z,23.67,66.54,BuildingA_Floor2,TypeB
1073,2025-04-04T22:00:27.000Z,29.91,71.75,BuildingB_Floor1,TypeC
1015,2025-04-06T02:27:00.000Z,18.8,65.12,BuildingB_Floor1,TypeB
1039,2025-04-08T00:23:20.000Z,34.51,70.03,BuildingA_Floor1,TypeA
1049,2025-04-04T00:42:29.000Z,23.09,37.84,BuildingB_Floor2,TypeC
1028,2025-04-08T07:18:22.000Z,23.43,56.85,BuildingA_Floor1,TypeB
1069,2025-04-05T00:24:21.000Z,30.89,48.73,BuildingA_Floor2,TypeA
1010,2025-04-06T19:24:31.000Z,27.59,34.5,BuildingB_Floor2,TypeC
1062,2025-04-07T12:45:19.000Z,33.53,32.94,BuildingA_Floor2,TypeB
1027,2025-04-07T20:51:00.000Z,18.62,71.12,BuildingB_Floor1,TypeC
1032,2025-04-04T02:51:55.000Z,25.21,36.41,BuildingB_Floor2,TypeA
1051,2025-04-06T17:46:31.000Z,26.26,75.55,BuildingB_Floor2,TypeB
1060,2025-04-08T18:30:31.000Z,29.98,41.34,BuildingB_Floor2,TypeC
1056,2025-04-07T08:03:07.000Z,21.42,59.64,BuildingB_Floor2,TypeA
1061,2025-04-06T01:10:05.000Z,27.21,41.52,BuildingA_Floor1,TypeB
1079,2025-04-06T23:58:46.000Z,19.97,74.51,BuildingA_Floor1,TypeC
1055,2025-04-05T17:59:50.000Z,28.65,51.92,BuildingA_Floor2,TypeB
1084,2025-04-06T05:14:25.000Z,27.4,75.75,BuildingB_Floor1,TypeA
1012,2025-04-08T03:35:51.000Z,30.72,61.52,BuildingB_Floor2,TypeB
1068,2025-04-04T01:34:34.000Z,29.76,30.73,BuildingB_Floor1,TypeA
1057,2025-04-05T06:16:41.000Z,26.42,67.43,BuildingB_Floor2,TypeA
1023,2025-04-08T13:06:21.000Z,29.69,48.15,BuildingB_Floor1,TypeB
1081,2025-04-07T16:43:30.000Z,27.25,35.79,BuildingB_Floor2,TypeC
1095,2025-04-04T12:06:54.000Z,19.88,63.89,BuildingA_Floor2,TypeB
1023,2025-04-08T22:22:34.000Z,17.0,41.14,BuildingA_Floor1,TypeA
1078,2025-04-06T07:50:28.000Z,30.34,66.6,BuildingB_Floor2,TypeC
1088,2025-04-08T12:25:38.000Z,30.01,49.7,BuildingA_Floor2,TypeC
1013,2025-04-07T02:44:01.000Z,22.17,54.19,BuildingA_Floor2,TypeA
1015,2025-04-04T11:20:27.000Z,30.0,55.23,BuildingB_Floor2,TypeB
1002,2025-04-08T16:37:22.000Z,33.04,50.01,BuildingA_Floor1,TypeB
1061,2025-04-08T10:24:44.000Z,26.89,42.65,BuildingA_Floor2,TypeC
1069,2025-04-06T10:42:45.000Z,28.27,38.96,BuildingB_Floor1,TypeC
1089,2025-04-04T09:24:45.000Z,15.42,74.73,BuildingA_Floor1,TypeC
1096,2025-04-08T19:16:05.000Z,23.29,66.53,BuildingB_Floor1,TypeA
1076,2025-04-05T08:12:15.000Z,28.55,65.98,BuildingB_Floor2,TypeA
1024,2025-04-07T05:47:45.000Z,22.55,51.52,BuildingA_Floor1,TypeA
1096,2025-04-05T13:04:07.000Z,32.59,59.6,BuildingB_Floor2,TypeC
1036,2025-04-08T19:04:33.000Z,23.88,36.56,BuildingB_Floor1,TypeB
1035,2025-04-04T21:20:24.000Z,22.83,78.22,BuildingB_Floor2,TypeB
1087,2025-04-06T05:07:58.000Z,32.9,39.91,BuildingB_Floor1,TypeB
1067,2025-04-04T13:07:04.000Z,23.34,69.81,BuildingA_Floor1,TypeC
1072,2025-04-07T09:55:34.000Z,31.2,31.17,BuildingB_Floor2,TypeB
1054,2025-04-07T01:40:44.000Z,16.52,56.96,BuildingB_Floor1,TypeC
1007,2025-04-07T00:43:45.000Z,30.58,56.82,BuildingB_Floor1,TypeB
1027,2025-04-06T11:11:53.000Z,15.24,37.45,BuildingB_Floor2,TypeC
1064,2025-04-06T00:34:12.000Z,27.61,36.46,BuildingB_Floor2,TypeB
1051,2025-04-04T04:33:32.000Z,25.08,60.56,BuildingA_Floor2,TypeA
1057,2025-04-07T12:06:47.000Z,24.31,32.5,BuildingB_Floor2,TypeA
1088,2025-04-06T16:59:10.000Z,29.08,78.55,BuildingB_Floor1,TypeC
1011,2025-04-06T23:44:56.000Z,28.92,45.08,BuildingA_Floor2,TypeB
1096,2025-04-07T01:51:05.000Z,25.0,70.38,BuildingA_Floor2,TypeC
1014,2025-04-04T03:28:15.000Z,19.63,30.05,BuildingB_Floor2,TypeA
1049,2025-04-06T20:11:43.000Z,32.55,36.01,BuildingB_Floor1,TypeA
1042,2025-04-07T04:47:24.000Z,18.58,69.74,BuildingB_Floor1,TypeC
1020,2025-04-04T11:29:21.000Z,24.88,73.65,BuildingB_Floor1,TypeC
1065,2025-04-04T21:33:10.000Z,15.57,49.73,BuildingA_Floor1,TypeA
1006,2025-04-04T19:55:12.000Z,31.03,47.21,BuildingA_Floor2,TypeB
1076,2025-04-04T07:40:33.000Z,30.33,31.15,BuildingA_Floor1,TypeA
1093,2025-04-06T23:04:08.000Z,31.67,52.15,BuildingB_Floor1,TypeC
1056,2025-04-08T13:01:23.000Z,20.77,78.77,BuildingB_Floor1,TypeC
1001,2025-04-06T19:18:03.000Z,23.02,43.43,BuildingA_Floor1,TypeB
1057,2025-04-08T18:35:21.000Z,26.03,38.95,BuildingA_Floor1,TypeB
1001,2025-04-06T14:31:35.000Z,24.42,58.78,BuildingB_Floor2,TypeC
1052,2025-04-08T19:45:47.000Z,31.68,61.83,BuildingB_Floor2,TypeC
1009,2025-04-06T14:18:16.000Z,19.63,58.91,BuildingA_Floor1,TypeC
1067,2025-04-07T12:51:34.000Z,18.59,65.57,BuildingA_Floor2,TypeB
1006,2025-04-07T08:09:38.000Z,30.14,72.12,BuildingB_Floor2,TypeA
1073,2025-04-06T18:30:27.000Z,19.73,48.55,BuildingA_Floor2,TypeC
1087,2025-04-04T21:24:17.000Z,17.77,40.5,BuildingB_Floor2,TypeA
1062,2025-04-05T10:25:50.000Z,16.07,76.48,BuildingB_Floor2,TypeB
1039,2025-04-05T17:10:05.000Z,27.8,35.57,BuildingA_Floor1,TypeA
1023,2025-04-07T04:50:59.000Z,27.16,62.38,BuildingB_Floor1,TypeC
1087,2025-04-08T06:14:53.000Z,19.84,66.76,BuildingB_Floor2,TypeC
1094,2025-04-06T11:54:05.000Z,15.62,77.26,BuildingB_Floor2,TypeA
1094,2025-04-08T07:14:13.000Z,20.34,73.65,BuildingA_Floor2,TypeC
1097,2025-04-08T06:26:35.000Z,30.55,55.48,BuildingA_Floor1,TypeA
1097,2025-04-08T02:17:25.000Z,24.18,30.94,BuildingB_Floor1,TypeC
1078,2025-04-04T16:27:26.000Z,24.23,32.99,BuildingB_Floor1,TypeC
1053,2025-04-05T14:30:17.000Z,15.18,54.72,BuildingA_Floor1,TypeB
1058,2025-04-05T14:10:04.000Z,25.6,32.65,BuildingB_Floor1,TypeB
1059,2025-04-07T21:11:04.000Z,25.08,40.47,BuildingA_Floor2,TypeA
1050,2025-04-06T17:49:25.000Z,29.68,44.32,BuildingA_Floor1,TypeA
1083,2025-04-06T12:31:52.000Z,30.18,72.51,BuildingB_Floor2,TypeA
1005,2025-04-06T11:58:39.000Z,33.89,47.58,BuildingA_Floor2,TypeB
1058,2025-04-07T18:16:31.000Z,18.02,58.32,BuildingB_Floor1,TypeB
1042,2025-04-04T16:55:38.000Z,15.58,64.26,BuildingB_Floor1,TypeA
1092,2025-04-07T17:21:45.000Z,34.6,72.26,BuildingB_Floor2,TypeA
1021,2025-04-07T17:06:29.000Z,24.55,52.98,BuildingA_Floor2,TypeA
1029,2025-04-06T11:38:40.000Z,29.24,71.58,BuildingA_Floor2,TypeC
1019,2025-04-05T08:33:50.000Z,29.54,58.78,BuildingB_Floor2,TypeB
1007,2025-04-04T09:52:36.000Z,17.33,57.92,BuildingA_Floor2,TypeA
1084,2025-04-06T00:25:00.000Z,24.3,34.42,BuildingA_Floor1,TypeB
1038,2025-04-08T04:31:39.000Z,28.24,57.77,BuildingB_Floor2,TypeA
1020,2025-04-04T13:52:48.000Z,34.07,76.55,BuildingA_Floor1,TypeB
1076,2025-04-04T13:06:33.000Z,27.91,58.37,BuildingB_Floor1,TypeB
1032,2025-04-05T21:34:02.000Z,23.93,35.6,BuildingB_Floor2,TypeC
1082,2025-04-05T21:19:15.000Z,26.67,78.15,BuildingB_Floor2,TypeB
1003,2025-04-08T09:56:05.000Z,28.58,53.39,BuildingA_Floor2,TypeA
1052,2025-04-07T19:25:21.000Z,19.19,70.33,BuildingB_Floor1,TypeA
1017,2025-04-06T05:42:37.000Z,19.66,68.0,BuildingA_Floor2,TypeA
1028,2025-04-08T21:12:36.000Z,21.72,52.22,BuildingB_Floor2,TypeC
1081,2025-04-07T19:45:25.000Z,17.61,61.1,BuildingB_Floor2,TypeC
1091,2025-04-08T18:34:44.000Z,17.57,75.78,BuildingB_Floor2,TypeC
1049,2025-04-07T07:03:43.000Z,32.76,35.88,BuildingA_Floor1,TypeA
1081,2025-04-06T22:50:06.000Z,32.54,45.74,BuildingB_Floor2,TypeA
1058,2025-04-08T06:20:29.000Z,23.21,35.81,BuildingA_Floor1,TypeB
1071,2025-04-07T04:42:12.000Z,23.95,40.7,BuildingB_Floor2,TypeC
1065,2025-04-04T20:09:32.000Z,21.96,78.61,BuildingA_Floor2,TypeB
1074,2025-04-04T23:16:49.000Z,19.27,72.42,BuildingA_Floor2,TypeA
1063,2025-04-04T14:01:04.000Z,25.27,77.93,BuildingB_Floor2,TypeA
1067,2025-04-04T05:10:18.000Z,19.95,30.28,BuildingA_Floor2,TypeB
1085,2025-04-04T21:55:58.000Z,25.77,69.18,BuildingB_Floor1,TypeA
1010,2025-04-06T20:34:25.000Z,23.29,67.06,BuildingA_Floor1,TypeA
1031,2025-04-08T10:34:52.000Z,17.86,50.86,BuildingB_Floor2,TypeC
1056,2025-04-07T01:53:40.000Z,32.33,53.24,BuildingB_Floor2,TypeB
1027,2025-04-08T17:36:10.000Z,33.99,38.28,BuildingB_Floor1,TypeA
1056,2025-04-05T03:12:16.000Z,33.14,55.4,BuildingB_Floor2,TypeB
1032,2025-04-04T20:46:16.000Z,31.61,41.06,BuildingB_Floor2,TypeA
1023,2025-04-05T03:13:54.000Z,28.36,31.33,BuildingB_Floor1,TypeB
1059,2025-04-06T21:15:41.000Z,21.46,49.3,BuildingB_Floor2,TypeA
1011,2025-04-04T07:58:40.000Z,28.68,46.26,BuildingB_Floor1,TypeB
1022,2025-04-07T06:37:41.000Z,15.74,65.93,BuildingA_Floor2,TypeB
1020,2025-04-06T22:00:10.000Z,31.06,53.33,BuildingB_Floor2,TypeB
1041,2025-04-08T05:56:23.000Z,21.41,58.97,BuildingA_Floor2,TypeB
1070,2025-04-08T11:26:00.000Z,22.79,33.1,BuildingA_Floor2,TypeA
1018,2025-04-07T02:14:53.000Z,20.53,78.7,BuildingA_Floor2,TypeC
1001,2025-04-04T22:10:32.000Z,19.92,63.56,BuildingB_Floor1,TypeB
1089,2025-04-04T20:44:31.000Z,32.15,64.18,BuildingA_Floor2,TypeA
1073,2025-04-07T18:36:48.000Z,25.29,70.86,BuildingA_Floor1,TypeC
1031,2025-04-07T08:51:35.000Z,33.97,33.71,BuildingB_Floor2,TypeC
1059,2025-04-04T06:12:39.000Z,18.17,45.65,BuildingA_Floor1,TypeB
1050,2025-04-08T20:17:18.000Z,34.29,52.12,BuildingA_Floor1,TypeA
1051,2025-04-04T20:28:21.000Z,24.14,61.96,BuildingB_Floor1,TypeA
1054,2025-04-05T13:57:24.000Z,18.43,50.41,BuildingA_Floor1,TypeB
1080,2025-04-08T10:09:53.000Z,30.2,72.64,BuildingB_Floor1,TypeB
1029,2025-04-07T04:52:34.000Z,22.07,37.74,BuildingA_Floor2,TypeC
1091,2025-04-03T23:50:19.000Z,16.71,39.72,BuildingB_Floor1,TypeB
1025,2025-04-06T08:52:29.000Z,18.31,67.98,BuildingA_Floor1,TypeB
1058,2025-04-05T06:24:21.000Z,24.24,70.86,BuildingB_Floor1,TypeB
1024,2025-04-05T23:23:15.000Z,27.25,67.02,BuildingA_Floor1,TypeA
1090,2025-04-05T01:26:39.000Z,26.15,71.61,BuildingB_Floor2,TypeB
1021,2025-04-04T07:13:45.000Z,30.69,71.76,BuildingA_Floor1,TypeA
1078,2025-04-05T10:08:12.000Z,17.65,48.92,BuildingA_Floor2,TypeC
1099,2025-04-07T11:04:11.000Z,33.15,60.09,BuildingA_Floor1,TypeA
1035,2025-04-05T01:16:51.000Z,31.72,49.93,BuildingA_Floor2,TypeA
1048,2025-04-06T22:14:44.000Z,34.36,69.1,BuildingB_Floor1,TypeA
1030,2025-04-04T20:12:28.000Z,31.26,33.2,BuildingA_Floor1,TypeA
1008,2025-04-08T14:49:04.000Z,34.08,68.61,BuildingA_Floor1,TypeB
1005,2025-04-05T07:19:34.000Z,27.39,53.77,BuildingB_Floor1,TypeA
1067,2025-04-07T22:51:04.000Z,24.25,61.09,BuildingB_Floor1,TypeB
1022,2025-04-07T18:21:14.000Z,23.57,70.55,BuildingA_Floor1,TypeB
1039,2025-04-05T15:29:06.000Z,21.89,61.78,BuildingB_Floor1,TypeB
1068,2025-04-08T19:55:05.000Z,16.02,47.47,BuildingB_Floor2,TypeA
1022,2025-04-04T14:36:45.000Z,33.87,31.23,BuildingA_Floor1,TypeB
1017,2025-04-05T08:37:04.000Z,28.59,55.8,BuildingB_Floor1,TypeA
1071,2025-04-05T20:25:31.000Z,31.05,48.76,BuildingB_Floor1,TypeB
1059,2025-04-04T07:58:50.000Z,31.72,40.34,BuildingB_Floor1,TypeA
1058,2025-04-04T16:50:26.000Z,29.36,76.25,BuildingB_Floor1,TypeC
1054,2025-04-06T17:53:21.000Z,15.76,58.33,BuildingB_Floor2,TypeB
1095,2025-04-05T19:42:45.000Z,28.0,55.32,BuildingB_Floor1,TypeC
1002,2025-04-05T15:09:40.000Z,28.06,36.88,BuildingA_Floor2,TypeB
1066,2025-04-04T03:24:38.000Z,32.74,40.04,BuildingA_Floor1,TypeA
1086,2025-04-05T13:46:00.000Z,32.71,46.25,BuildingA_Floor1,TypeC
1083,2025-04-04T09:12:38.000Z,29.24,76.41,BuildingA_Floor1,TypeA
1025,2025-04-06T17:23:35.000Z,15.02,59.24,BuildingB_Floor2,TypeB
1020,2025-04-07T11:55:56.000Z,32.63,33.34,BuildingB_Floor1,TypeC
1038,2025-04-06T11:12:37.000Z,34.59,71.37,BuildingB_Floor2,TypeA
1048,2025-04-04T22:07:14.000Z,24.04,76.36,BuildingA_Floor1,TypeB
1011,2025-04-05T02:53:30.000Z,15.61,52.96,BuildingB_Floor1,TypeB
1085,2025-04-07T06:34:18.000Z,24.33,36.86,BuildingA_Floor2,TypeA
1042,2025-04-04T19:08:29.000Z,28.03,57.55,BuildingB_Floor2,TypeA
1061,2025-04-07T21:01:46.000Z,22.18,45.98,BuildingA_Floor2,TypeA
1001,2025-04-08T03:40:38.000Z,30.64,59.23,BuildingB_Floor1,TypeA
1054,2025-04-04T11:40:18.000Z,24.91,61.75,BuildingB_Floor2,TypeC
1014,2025-04-07T00:16:42.000Z,18.55,75.0,BuildingB_Floor2,TypeA
1007,2025-04-08T07:25:02.000Z,29.9,51.23,BuildingB_Floor2,TypeA
1031,2025-04-07T15:12:28.000Z,16.85,58.77,BuildingB_Floor1,TypeB
1019,2025-04-05T20:25:55.000Z,22.82,43.82,BuildingB_Floor1,TypeC
1028,2025-04-06T10:53:11.000Z,28.71,74.16,BuildingA_Floor2,TypeB
1020,2025-04-08T17:06:25.000Z,23.62,46.21,BuildingB_Floor2,TypeA
1062,2025-04-06T02:47:10.000Z,15.06,60.89,BuildingA_Floor1,TypeC
1082,2025-04-07T16:36:53.000Z,17.46,49.27,BuildingB_Floor1,TypeA
1044,2025-04-04T03:37:41.000Z,22.51,38.35,BuildingB_Floor2,TypeA
1051,2025-04-06T19:29:51.000Z,27.14,46.09,BuildingA_Floor2,TypeC
1060,2025-04-08T09:40:09.000Z,15.15,57.49,BuildingA_Floor2,TypeA
1087,2025-04-06T18:00:59.000Z,34.95,31.33,BuildingA_Floor1,TypeB
1033,2025-04-08T09:41:25.000Z,18.38,70.28,BuildingA_Floor1,TypeA
1083,2025-04-04T17:05:22.000Z,29.5,62.65,BuildingA_Floor1,TypeC
1023,2025-04-06T01:49:33.000Z,28.55,46.93,BuildingA_Floor1,TypeB
1005,2025-04-05T15:20:02.000Z,21.64,58.56,BuildingB_Floor1,TypeB
1003,2025-04-05T16:25:42.000Z,28.43,77.03,BuildingB_Floor1,TypeC
1098,2025-04-06T02:39:16.000Z,18.86,38.92,BuildingB_Floor2,TypeA
1004,2025-04-06T00:49:26.000Z,33.32,55.51,BuildingB_Floor1,TypeB
1095,2025-04-07T23:07:08.000Z,33.77,71.25,BuildingA_Floor1,TypeB
1073,2025-04-05T05:56:03.000Z,32.88,76.6,BuildingB_Floor1,TypeC
1019,2025-04-05T19:02:52.000Z,31.22,48.57,BuildingA_Floor1,TypeC
1016,2025-04-04T16:44:43.000Z,23.32,63.4,BuildingB_Floor1,TypeA
1095,2025-04-05T01:11:22.000Z,31.16,71.16,BuildingA_Floor2,TypeB
1017,2025-04-07T14:45:57.000Z,21.95,75.93,BuildingA_Floor2,TypeB
1080,2025-04-06T07:03:26.000Z,32.95,43.04,BuildingB_Floor1,TypeB
1010,2025-04-06T21:19:03.000Z,17.86,59.12,BuildingB_Floor1,TypeB
1004,2025-04-05T04:20:41.000Z,27.68,54.7,BuildingA_Floor2,TypeB
1036,2025-04-05T09:42:05.000Z,19.31,36.72,BuildingB_Floor2,TypeB
1033,2025-04-04T20:32:37.000Z,29.21,52.47,BuildingB_Floor1,TypeA
1018,2025-04-06T04:18:31.000Z,23.64,66.53,BuildingA_Floor1,TypeB
1062,2025-04-08T01:14:15.000Z,19.58,47.2,BuildingA_Floor1,TypeA
1049,2025-04-05T00:35:04.000Z,32.74,48.13,BuildingA_Floor1,TypeA
1037,2025-04-07T11:35:28.000Z,31.16,34.23,BuildingA_Floor2,TypeC
1059,2025-04-07T17:12:21.000Z,28.85,65.4,BuildingA_Floor2,TypeC
1082,2025-04-07T11:21:14.000Z,17.17,38.82,BuildingB_Floor2,TypeB
1031,2025-04-05T01:28:01.000Z,25.96,68.91,BuildingA_Floor1,TypeC
1036,2025-04-08T18:19:58.000Z,28.35,40.35,BuildingB_Floor1,TypeA
1001,2025-04-06T11:00:55.000Z,32.12,70.93,BuildingA_Floor1,TypeA
1009,2025-04-07T10:04:44.000Z,27.13,57.18,BuildingB_Floor2,TypeA
1066,2025-04-07T15:19:39.000Z,27.76,37.63,BuildingB_Floor1,TypeA
1000,2025-04-07T10:14:05.000Z,32.89,42.69,BuildingB_Floor1,TypeC
1080,2025-04-05T20:30:45.000Z,27.13,31.87,BuildingA_Floor1,TypeB
1044,2025-04-05T13:11:57.000Z,21.92,75.13,BuildingB_Floor1,TypeA
1052,2025-04-07T16:40:02.000Z,22.75,64.89,BuildingB_Floor2,TypeA
1081,2025-04-08T18:17:40.000Z,28.93,39.25,BuildingA_Floor1,TypeA
1010,2025-04-06T19:14:28.000Z,15.8,60.64,BuildingB_Floor1,TypeC
1099,2025-04-04T16:30:42.000Z,24.19,68.5,BuildingB_Floor1,TypeC
1068,2025-04-07T13:01:51.000Z,31.97,68.59,BuildingB_Floor1,TypeB
1008,2025-04-04T08:05:54.000Z,29.3,51.19,BuildingA_Floor2,TypeC
1069,2025-04-06T08:16:41.000Z,27.93,44.82,BuildingB_Floor2,TypeA
1090,2025-04-05T04:41:14.000Z,34.13,64.6,BuildingB_Floor2,TypeB
1032,2025-04-05T17:54:11.000Z,15.68,55.46,BuildingA_Floor2,TypeB
1066,2025-04-04T15:38:26.000Z,32.1,63.72,BuildingB_Floor1,TypeC
1056,2025-04-08T16:22:43.000Z,26.11,49.34,BuildingB_Floor1,TypeC
1018,2025-04-05T05:57:38.000Z,22.6,69.23,BuildingB_Floor2,TypeB
1059,2025-04-04T04:17:33.000Z,21.79,70.06,BuildingB_Floor2,TypeB
1092,2025-04-04T05:24:45.000Z,20.67,69.61,BuildingB_Floor2,TypeC
1062,2025-04-07T07:51:49.000Z,23.4,49.06,BuildingB_Floor2,TypeB
1046,2025-04-04T04:18:42.000Z,15.19,36.01,BuildingB_Floor2,TypeB
1062,2025-04-07T10:07:36.000Z,19.99,70.13,BuildingB_Floor1,TypeA
1032,2025-04-07T05:49:07.000Z,24.36,36.63,BuildingB_Floor2,TypeB
1027,2025-04-06T19:27:41.000Z,26.56,41.37,BuildingB_Floor1,TypeC
1019,2025-04-06T21:05:48.000Z,22.49,33.23,BuildingA_Floor2,TypeC
1000,2025-04-04T03:10:30.000Z,30.97,73.87,BuildingB_Floor2,TypeC
1035,2025-04-05T03:56:52.000Z,28.22,62.45,BuildingA_Floor1,TypeA
1057,2025-04-06T18:02:22.000Z,23.33,71.07,BuildingA_Floor1,TypeA
1013,2025-04-04T04:10:50.000Z,20.06,41.65,BuildingA_Floor1,TypeA
1014,2025-04-04T18:56:06.000Z,20.5,33.05,BuildingA_Floor1,TypeA
1028,2025-04-05T12:31:48.000Z,24.88,40.82,BuildingB_Floor2,TypeB
1012,2025-04-05T19:51:31.000Z,30.08,48.85,BuildingB_Floor1,TypeC
1026,2025-04-07T15:13:50.000Z,26.81,51.16,BuildingB_Floor1,TypeB
1009,2025-04-04T11:01:16.000Z,23.16,55.2,BuildingB_Floor1,TypeB
1068,2025-04-05T22:09:03.000Z,15.39,50.19,BuildingA_Floor2,TypeB
1039,2025-04-04T18:01:41.000Z,29.59,37.02,BuildingB_Floor1,TypeA
1086,2025-04-07T01:35:35.000Z,32.2,42.63,BuildingA_Floor1,TypeA
1032,2025-04-06T16:07:12.000Z,21.29,65.22,BuildingA_Floor2,TypeA
1071,2025-04-06T14:12:33.000Z,15.29,51.44,BuildingA_Floor1,TypeC
1092,2025-04-04T19:06:09.000Z,17.37,55.2,BuildingA_Floor1,TypeA
1079,2025-04-05T20:09:54.000Z,17.83,35.18,BuildingA_Floor2,TypeC
1011,2025-04-07T19:12:36.000Z,25.0,38.33,BuildingB_Floor1,TypeA
1051,2025-04-04T08:59:24.000Z,26.56,59.07,BuildingB_Floor1,TypeB
1096,2025-04-08T21:30:45.000Z,24.08,74.35,BuildingB_Floor2,TypeC
1012,2025-04-05T02:32:27.000Z,33.07,73.57,BuildingA_Floor2,TypeB
1011,2025-04-07T11:43:37.000Z,26.51,42.41,BuildingA_Floor2,TypeA
1076,2025-04-06T00:03:31.000Z,18.47,59.48,BuildingA_Floor2,TypeC
1013,2025-04-07T04:15:53.000Z,22.36,60.42,BuildingA_Floor2,TypeB
1053,2025-04-05T21:35:19.000Z,32.54,59.23,BuildingA_Floor1,TypeB
1008,2025-04-06T12:50:38.000Z,21.65,48.12,BuildingB_Floor2,TypeA
1084,2025-04-05T13:26:15.000Z,33.19,71.37,BuildingB_Floor1,TypeB
1067,2025-04-04T11:41:21.000Z,16.95,35.73,BuildingA_Floor2,TypeB
1026,2025-04-05T23:42:06.000Z,25.03,61.26,BuildingB_Floor1,TypeA
1022,2025-04-04T00:50:02.000Z,21.19,43.38,BuildingA_Floor1,TypeB
1024,2025-04-06T21:59:30.000Z,25.94,57.24,BuildingA_Floor1,TypeB
1063,2025-04-06T06:49:30.000Z,34.97,75.7,BuildingB_Floor1,TypeA
1078,2025-04-08T03:26:08.000Z,29.28,67.33,BuildingB_Floor1,TypeC
1097,2025-04-06T21:54:55.000Z,23.87,33.74,BuildingA_Floor1,TypeC
1074,2025-04-08T06:44:20.000Z,17.86,71.53,BuildingA_Floor1,TypeC
1053,2025-04-05T04:49:11.000Z,33.31,72.27,BuildingA_Floor2,TypeA
1097,2025-04-05T22:31:25.000Z,29.97,66.69,BuildingA_Floor1,TypeB
1031,2025-04-05T20:32:00.000Z,15.96,57.39,BuildingB_Floor2,TypeA
1023,2025-04-07T20:03:53.000Z,27.44,34.94,BuildingB_Floor1,TypeB
1002,2025-04-07T17:25:52.000Z,23.54,50.39,BuildingB_Floor2,TypeB
1072,2025-04-04T18:32:28.000Z,32.65,67.18,BuildingB_Floor1,TypeB
1018,2025-04-07T17:28:26.000Z,24.69,66.33,BuildingA_Floor1,TypeA
1098,2025-04-04T20:12:32.000Z,28.15,39.74,BuildingA_Floor1,TypeA
1049,2025-04-07T22:24:48.000Z,31.22,52.14,BuildingA_Floor1,TypeB
1001,2025-04-04T18:57:14.000Z,29.82,50.12,BuildingB_Floor1,TypeA
1100,2025-04-07T04:33:47.000Z,16.99,67.05,BuildingA_Floor1,TypeA
1068,2025-04-04T14:53:55.000Z,31.41,57.01,BuildingB_Floor2,TypeB
1000,2025-04-08T15:11:57.000Z,32.02,35.83,BuildingB_Floor1,TypeC
1011,2025-04-06T04:53:05.000Z,23.79,46.14,BuildingB_Floor1,TypeB
1009,2025-04-08T15:09:38.000Z,27.43,78.96,BuildingA_Floor1,TypeC
1024,2025-04-08T00:10:12.000Z,21.35,67.71,BuildingB_Floor2,TypeB
1090,2025-04-06T21:03:21.000Z,23.15,49.95,BuildingB_Floor1,TypeC
1089,2025-04-08T03:10:06.000Z,18.5,31.51,BuildingB_Floor1,TypeC
1011,2025-04-04T09:38:13.000Z,31.57,70.43,BuildingA_Floor2,TypeA
1009,2025-04-06T16:41:50.000Z,25.22,79.79,BuildingA_Floor2,TypeB
1054,2025-04-08T21:34:15.000Z,23.28,65.96,BuildingB_Floor2,TypeC
1025,2025-04-04T11:35:13.000Z,16.05,61.64,BuildingB_Floor1,TypeC
1058,2025-04-07T13:04:53.000Z,29.13,64.3,BuildingA_Floor1,TypeA
1006,2025-04-05T06:34:10.000Z,21.18,77.14,BuildingB_Floor1,TypeC
1019,2025-04-05T20:38:59.000Z,32.12,49.97,BuildingA_Floor1,TypeB
1018,2025-04-05T00:50:51.000Z,25.53,54.48,BuildingA_Floor2,TypeC
1062,2025-04-08T06:06:13.000Z,15.43,60.48,BuildingB_Floor1,TypeA
1019,2025-04-08T00:18:03.000Z,16.55,55.55,BuildingA_Floor1,TypeB
1083,2025-04-06T15:48:00.000Z,23.12,44.83,BuildingA_Floor2,TypeC
1019,2025-04-05T15:26:58.000Z,18.18,39.59,BuildingB_Floor1,TypeA
1037,2025-04-07T02:26:46.000Z,25.14,66.13,BuildingB_Floor2,TypeA
1050,2025-04-07T08:14:12.000Z,28.17,76.44,BuildingA_Floor1,TypeA
1059,2025-04-04T17:47:28.000Z,21.1,73.66,BuildingA_Floor2,TypeB
1089,2025-04-08T10:03:36.000Z,23.33,32.46,BuildingA_Floor2,TypeA
1072,2025-04-05T09:12:25.000Z,24.03,30.21,BuildingB_Floor2,TypeB
1059,2025-04-08T15:15:47.000Z,17.36,36.48,BuildingA_Floor2,TypeC
1053,2025-04-05T21:14:25.000Z,27.63,52.32,BuildingA_Floor1,TypeC
1018,2025-04-07T16:27:13.000Z,30.64,60.43,BuildingB_Floor2,TypeA
1069,2025-04-05T08:54:05.000Z,25.7,47.25,BuildingA_Floor1,TypeA
1005,2025-04-06T04:12:14.000Z,23.34,63.79,BuildingA_Floor2,TypeA
1045,2025-04-07T17:46:49.000Z,27.18,45.63,BuildingB_Floor1,TypeB
1069,2025-04-05T05:06:53.000Z,32.86,79.71,BuildingB_Floor2,TypeA
1057,2025-04-05T23:08:01.000Z,32.71,54.66,BuildingB_Floor2,TypeB
1018,2025-04-05T17:23:43.000Z,29.2,78.9,BuildingA_Floor2,TypeC
1074,2025-04-05T12:26:39.000Z,28.13,63.89,BuildingB_Floor2,TypeC
1055,2025-04-06T16:59:08.000Z,30.59,76.29,BuildingA_Floor1,TypeA
1059,2025-04-04T21:14:40.000Z,19.15,59.38,BuildingB_Floor1,TypeB
1074,2025-04-07T21:40:49.000Z,26.3,70.2,BuildingB_Floor1,TypeB
1011,2025-04-08T22:39:57.000Z,20.11,77.38,BuildingB_Floor1,TypeB
1062,2025-04-04T19:30:25.000Z,19.04,49.94,BuildingB_Floor1,TypeB
1088,2025-04-06T21:38:01.000Z,20.76,33.58,BuildingB_Floor1,TypeC
1022,2025-04-06T21:48:14.000Z,23.92,77.09,BuildingA_Floor1,TypeC
1013,2025-04-04T05:24:56.000Z,25.35,70.69,BuildingB_Floor2,TypeA
1002,2025-04-08T16:35:13.000Z,25.94,71.25,BuildingB_Floor1,TypeB
1033,2025-04-05T15:06:10.000Z,22.18,36.36,BuildingB_Floor2,TypeC
1006,2025-04-06T04:39:49.000Z,17.03,39.58,BuildingA_Floor1,TypeC
1050,2025-04-06T00:21:49.000Z,24.73,64.7,BuildingB_Floor2,TypeB
1035,2025-04-05T00:18:41.000Z,26.54,56.82,BuildingA_Floor2,TypeB
1049,2025-04-08T05:05:08.000Z,27.58,51.11,BuildingB_Floor1,TypeB
1000,2025-04-04T19:02:07.000Z,25.89,50.46,BuildingB_Floor1,TypeC
1093,2025-04-05T18:56:46.000Z,17.32,32.02,BuildingB_Floor2,TypeC
1081,2025-04-07T01:27:30.000Z,26.63,63.5,BuildingB_Floor2,TypeC
1013,2025-04-04T16:15:51.000Z,18.92,41.21,BuildingA_Floor1,TypeC
1048,2025-04-08T22:52:16.000Z,33.13,69.97,BuildingA_Floor2,TypeC
1016,2025-04-08T05:57:10.000Z,25.75,59.16,BuildingA_Floor2,TypeC
1079,2025-04-04T23:06:25.000Z,23.14,50.94,BuildingB_Floor2,TypeA
1022,2025-04-08T21:16:29.000Z,23.22,61.78,BuildingB_Floor2,TypeC
1031,2025-04-05T03:34:11.000Z,21.07,56.43,BuildingB_Floor2,TypeA
1070,2025-04-05T01:53:32.000Z,25.63,55.88,BuildingA_Floor2,TypeC
1050,2025-04-06T20:46:52.000Z,32.52,40.69,BuildingB_Floor1,TypeC
1001,2025-04-08T14:02:10.000Z,25.79,59.25,BuildingB_Floor2,TypeC
1073,2025-04-06T02:49:07.000Z,16.89,47.38,BuildingB_Floor1,TypeB
1023,2025-04-05T02:42:08.000Z,23.15,63.52,BuildingB_Floor1,TypeB
1029,2025-04-06T17:14:17.000Z,22.25,53.32,BuildingB_Floor1,TypeC
1047,2025-04-06T03:33:07.000Z,30.08,75.16,BuildingA_Floor1,TypeC
1004,2025-04-05T23:45:05.000Z,25.44,37.07,BuildingA_Floor1,TypeA
1027,2025-04-08T15:00:09.000Z,19.98,73.0,BuildingB_Floor1,TypeB
1096,2025-04-07T15:49:14.000Z,22.56,48.62,BuildingB_Floor1,TypeC
1036,2025-04-06T02:18:03.000Z,23.69,30.92,BuildingA_Floor1,TypeB
1014,2025-04-04T04:46:14.000Z,30.61,49.74,BuildingB_Floor1,TypeC
1031,2025-04-04T07:37:56.000Z,30.5,43.01,BuildingB_Floor2,TypeA
1032,2025-04-04T21:51:30.000Z,16.87,66.8,BuildingA_Floor2,TypeB
1035,2025-04-07T05:30:11.000Z,16.84,62.11,BuildingB_Floor1,TypeA
1059,2025-04-04T15:22:50.000Z,24.8,74.38,BuildingB_Floor2,TypeC
1081,2025-04-04T15:35:39.000Z,17.19,49.43,BuildingB_Floor2,TypeC
1097,2025-04-06T07:32:20.000Z,16.41,66.95,BuildingB_Floor2,TypeC
1031,2025-04-08T22:14:44.000Z,26.04,56.36,BuildingB_Floor2,TypeA
1027,2025-04-08T05:05:43.000Z,32.24,36.58,BuildingA_Floor2,TypeA
1059,2025-04-07T13:05:55.000Z,19.12,70.02,BuildingA_Floor2,TypeA
1099,2025-04-08T09:46:52.000Z,23.52,39.9,BuildingB_Floor2,TypeA
1035,2025-04-07T22:34:41.000Z,32.42,62.95,BuildingB_Floor2,TypeB
1023,2025-04-06T04:57:55.000Z,20.84,63.81,BuildingB_Floor1,TypeB
1002,2025-04-04T12:20:24.000Z,34.28,43.88,BuildingB_Floor2,TypeC
1037,2025-04-05T14:58:02.000Z,21.69,39.04,BuildingA_Floor2,TypeB
1072,2025-04-08T11:51:42.000Z,16.34,72.06,BuildingA_Floor2,TypeB
1021,2025-04-08T05:36:11.000Z,17.02,74.3,BuildingB_Floor1,TypeA
1017,2025-04-05T17:14:02.000Z,21.67,74.62,BuildingB_Floor1,TypeA
1065,2025-04-08T21:49:52.000Z,31.33,63.65,BuildingB_Floor1,TypeA
1057,2025-04-05T23:22:33.000Z,21.95,31.61,BuildingB_Floor2,TypeC
1081,2025-04-04T08:11:10.000Z,15.24,38.51,BuildingB_Floor2,TypeA
1027,2025-04-07T02:54:55.000Z,31.75,78.83,BuildingB_Floor1,TypeB
1004,2025-04-08T12:04:24.000Z,19.49,39.85,BuildingA_Floor2,TypeA
1067,2025-04-07T09:40:20.000Z,34.52,60.54,BuildingB_Floor2,TypeC
1032,2025-04-05T04:26:34.000Z,16.11,36.89,BuildingB_Floor1,TypeC
1093,2025-04-07T18:04:10.000Z,24.2,55.65,BuildingA_Floor2,TypeB
1027,2025-04-07T07:16:18.000Z,34.59,71.34,BuildingA_Floor1,TypeB
1036,2025-04-06T22:11:57.000Z,29.88,64.66,BuildingB_Floor1,TypeC
1039,2025-04-04T13:04:19.000Z,25.01,65.26,BuildingA_Floor1,TypeB
1062,2025-04-08T08:01:23.000Z,16.17,79.91,BuildingB_Floor1,TypeB
1077,2025-04-04T12:44:07.000Z,15.16,79.85,BuildingA_Floor1,TypeB
1024,2025-04-04T11:55:59.000Z,30.93,30.9,BuildingB_Floor2,TypeB
1020,2025-04-05T20:14:26.000Z,18.23,39.86,BuildingA_Floor1,TypeC
1054,2025-04-06T19:27:24.000Z,29.17,61.47,BuildingA_Floor2,TypeB
1001,2025-04-04T09:52:32.000Z,18.84,39.95,BuildingA_Floor1,TypeC
1045,2025-04-08T10:24:18.000Z,26.46,49.67,BuildingA_Floor1,TypeB
1047,2025-04-06T22:42:23.000Z,28.77,54.58,BuildingB_Floor2,TypeA
1086,2025-04-07T14:03:56.000Z,31.7,38.57,BuildingA_Floor2,TypeA
1063,2025-04-04T13:22:06.000Z,26.41,51.78,BuildingB_Floor2,TypeA
1097,2025-04-06T00:07:20.000Z,22.01,56.35,BuildingB_Floor2,TypeA
1000,2025-04-07T00:43:47.000Z,34.06,48.46,BuildingA_Floor2,TypeA
1078,2025-04-06T19:19:14.000Z,23.21,60.4,BuildingB_Floor2,TypeB
1076,2025-04-08T09:59:05.000Z,29.92,32.57,BuildingA_Floor1,TypeB
1012,2025-04-06T12:26:49.000Z,29.79,63.14,BuildingA_Floor2,TypeB
1065,2025-04-07T18:53:59.000Z,15.37,79.27,BuildingA_Floor1,TypeA
1035,2025-04-08T11:57:22.000Z,18.74,30.36,BuildingB_Floor1,TypeB
1022,2025-04-08T18:14:40.000Z,22.67,58.0,BuildingB_Floor1,TypeC
1083,2025-04-06T22:31:15.000Z,27.69,60.16,BuildingA_Floor1,TypeB
1062,2025-04-04T18:23:25.000Z,34.45,71.71,BuildingB_Floor2,TypeB
1051,2025-04-07T15:54:24.000Z,18.21,42.05,BuildingA_Floor2,TypeB
1077,2025-04-08T03:40:05.000Z,22.87,49.78,BuildingA_Floor2,TypeB
1065,2025-04-08T03:26:10.000Z,24.89,35.48,BuildingB_Floor1,TypeC
1016,2025-04-08T21:30:43.000Z,32.63,48.46,BuildingB_Floor1,TypeC
1097,2025-04-05T04:10:27.000Z,23.73,60.86,BuildingB_Floor2,TypeA
1021,2025-04-06T20:44:16.000Z,25.31,68.66,BuildingA_Floor1,TypeA
1012,2025-04-05T02:18:42.000Z,32.35,53.61,BuildingA_Floor2,TypeC
1029,2025-04-05T02:20:49.000Z,34.37,78.35,BuildingA_Floor1,TypeB
1070,2025-04-06T21:13:16.000Z,32.33,58.56,BuildingA_Floor2,TypeA
1078,2025-04-04T03:02:30.000Z,28.97,76.28,BuildingA_Floor1,TypeB
1051,2025-04-08T20:09:25.000Z,33.27,60.5,BuildingB_Floor2,TypeB
1055,2025-04-04T05:28:22.000Z,17.52,71.88,BuildingB_Floor1,TypeC
1015,2025-04-07T11:39:46.000Z,32.04,42.82,BuildingB_Floor2,TypeA
1014,2025-04-05T14:06:25.000Z,21.98,34.37,BuildingB_Floor1,TypeA
1097,2025-04-06T04:47:14.000Z,28.16,55.57,BuildingB_Floor2,TypeB
1056,2025-04-07T17:06:32.000Z,27.44,59.15,BuildingA_Floor2,TypeC
1021,2025-04-07T09:17:51.000Z,22.41,65.49,BuildingB_Floor1,TypeB
1056,2025-04-04T23:17:49.000Z,34.11,78.67,BuildingA_Floor1,TypeC
1069,2025-04-04T14:27:47.000Z,29.1,34.17,BuildingB_Floor2,TypeB
1054,2025-04-05T14:12:12.000Z,25.02,36.97,BuildingA_Floor2,TypeC
1020,2025-04-04T11:20:36.000Z,34.2,73.33,BuildingA_Floor1,TypeB
1004,2025-04-06T19:16:08.000Z,31.34,60.64,BuildingB_Floor2,TypeA
1027,2025-04-08T14:48:36.000Z,21.05,53.3,BuildingA_Floor1,TypeC
1024,2025-04-06T11:44:52.000Z,30.93,34.87,BuildingA_Floor1,TypeB
1039,2025-04-06T01:36:42.000Z,17.52,44.01,BuildingA_Floor1,TypeC
1051,2025-04-05T20:21:44.000Z,18.39,71.92,BuildingB_Floor1,TypeB
1087,2025-04-07T20:56:33.000Z,32.96,75.92,BuildingB_Floor2,TypeA
1061,2025-04-04T22:12:40.000Z,27.49,55.12,BuildingB_Floor2,TypeC
1065,2025-04-08T16:55:53.000Z,32.42,75.67,BuildingB_Floor1,TypeB
1025,2025-04-03T23:59:29.000Z,28.88,52.61,BuildingB_Floor1,TypeB
1086,2025-04-08T12:01:26.000Z,34.41,73.43,BuildingB_Floor1,TypeC
1020,2025-04-05T18:29:57.000Z,28.53,34.03,BuildingB_Floor2,TypeA
1056,2025-04-04T22:46:43.000Z,20.98,36.36,BuildingA_Floor2,TypeA
1076,2025-04-05T16:57:57.000Z,26.5,52.49,BuildingA_Floor1,TypeB
1007,2025-04-06T11:54:01.000Z,24.77,79.29,BuildingB_Floor1,TypeB
1061,2025-04-05T16:11:41.000Z,33.18,72.23,BuildingA_Floor1,TypeB
1037,2025-04-04T07:50:02.000Z,28.42,36.11,BuildingA_Floor2,TypeC
1018,2025-04-04T21:15:47.000Z,23.41,39.1,BuildingA_Floor1,TypeB
1096,2025-04-05T15:38:59.000Z,27.02,40.81,BuildingB_Floor1,TypeA
1039,2025-04-05T21:20:47.000Z,24.16,54.43,BuildingB_Floor1,TypeC
1100,2025-04-08T00:12:13.000Z,20.95,42.16,BuildingB_Floor1,TypeB
1049,2025-04-04T16:00:46.000Z,20.1,64.82,BuildingB_Floor2,TypeC
1043,2025-04-07T20:53:45.000Z,29.61,71.06,BuildingA_Floor1,TypeA
1082,2025-04-05T12:41:16.000Z,18.87,33.2,BuildingB_Floor2,TypeC
1090,2025-04-05T15:00:36.000Z,23.98,51.21,BuildingA_Floor1,TypeB
1052,2025-04-05T06:32:50.000Z,16.22,59.13,BuildingA_Floor1,TypeC
1098,2025-04-08T14:50:59.000Z,20.24,30.8,BuildingB_Floor1,TypeB
1018,2025-04-06T08:52:19.000Z,25.68,48.73,BuildingA_Floor2,TypeA
1061,2025-04-07T23:07:25.000Z,26.81,47.76,BuildingA_Floor1,TypeC
1075,2025-04-05T09:59:07.000Z,20.56,76.44,BuildingB_Floor2,TypeB
1076,2025-04-06T09:34:20.000Z,20.68,57.08,BuildingA_Floor2,TypeB
1036,2025-04-03T23:24:56.000Z,29.5,65.08,BuildingB_Floor1,TypeC
1002,2025-04-07T06:35:04.000Z,17.41,44.04,BuildingB_Floor2,TypeA
1098,2025-04-06T08:50:15.000Z,31.48,68.51,BuildingB_Floor1,TypeB
1088,2025-04-07T23:26:12.000Z,17.66,71.14,BuildingB_Floor1,TypeA
1015,2025-04-04T03:29:53.000Z,21.84,73.75,BuildingA_Floor2,TypeB
1072,2025-04-07T12:58:29.000Z,28.14,70.63,BuildingA_Floor2,TypeA
1025,2025-04-04T04:33:26.000Z,20.67,75.48,BuildingB_Floor1,TypeC
1005,2025-04-07T18:37:51.000Z,19.1,74.57,BuildingB_Floor1,TypeB
1079,2025-04-04T02:55:25.000Z,31.06,32.23,BuildingA_Floor2,TypeA
1057,2025-04-05T09:50:23.000Z,30.43,33.51,BuildingB_Floor1,TypeA
1089,2025-04-05T18:50:26.000Z,22.3,77.58,BuildingB_Floor2,TypeB
1010,2025-04-04T22:50:15.000Z,28.47,76.32,BuildingA_Floor1,TypeA
1015,2025-04-06T23:11:58.000Z,30.19,32.29,BuildingB_Floor1,TypeB
1078,2025-04-07T05:52:55.000Z,20.99,71.43,BuildingB_Floor2,TypeC
1083,2025-04-04T08:32:29.000Z,23.53,54.87,BuildingB_Floor2,TypeB
1088,2025-04-07T17:53:42.000Z,19.76,67.55,BuildingB_Floor1,TypeC
1005,2025-04-05T17:52:06.000Z,30.61,36.96,BuildingA_Floor1,TypeC
1018,2025-04-05T15:16:33.000Z,16.72,43.63,BuildingA_Floor2,TypeC
1021,2025-04-07T04:46:04.000Z,33.87,74.27,BuildingA_Floor2,TypeC
1012,2025-04-08T21:47:26.000Z,26.56,42.76,BuildingA_Floor2,TypeB
1051,2025-04-04T22:29:17.000Z,29.93,46.43,BuildingA_Floor2,TypeB
1061,2025-04-05T14:27:29.000Z,25.08,55.68,BuildingB_Floor1,TypeC
1051,2025-04-06T10:55:29.000Z,22.93,44.88,BuildingA_Floor2,TypeA
1064,2025-04-05T01:36:12.000Z,26.06,56.92,BuildingB_Floor2,TypeC
1008,2025-04-07T01:16:14.000Z,27.97,70.45,BuildingA_Floor2,TypeA
1083,2025-04-07T14:55:21.000Z,30.9,67.51,BuildingB_Floor2,TypeA
1045,2025-04-05T23:24:50.000Z,28.87,67.75,BuildingA_Floor2,TypeC
1016,2025-04-07T00:29:26.000Z,28.26,61.75,BuildingA_Floor1,TypeC
1001,2025-04-08T15:53:25.000Z,26.39,65.34,BuildingA_Floor1,TypeA
1018,2025-04-08T06:10:12.000Z,23.94,66.2,BuildingA_Floor1,TypeA
1012,2025-04-06T17:23:36.000Z,17.71,66.39,BuildingA_Floor2,TypeB
1010,2025-04-06T17:14:25.000Z,27.6,66.02,BuildingB_Floor2,TypeC
1001,2025-04-05T17:22:34.000Z,33.09,58.82,BuildingB_Floor2,TypeC
1034,2025-04-07T12:01:31.000Z,25.21,49.0,BuildingB_Floor2,TypeC
1035,2025-04-05T09:07:41.000Z,30.81,68.27,BuildingA_Floor2,TypeA
1029,2025-04-07T03:04:54.000Z,31.01,38.88,BuildingB_Floor1,TypeB
1057,2025-04-05T16:25:31.000Z,20.2,49.18,BuildingB_Floor1,TypeC
1012,2025-04-07T11:53:30.000Z,28.57,30.73,BuildingB_Floor1,TypeC
1014,2025-04-07T21:28:02.000Z,21.6,47.98,BuildingA_Floor1,TypeB
1043,2025-04-06T21:52:08.000Z,16.7,73.98,BuildingA_Floor1,TypeA
1064,2025-04-04T12:05:04.000Z,19.56,75.1,BuildingB_Floor1,TypeA
1043,2025-04-07T05:15:22.000Z,19.84,59.02,BuildingA_Floor2,TypeB
1022,2025-04-07T12:43:51.000Z,23.55,38.66,BuildingB_Floor2,TypeB
1014,2025-04-08T16:18:43.000Z,23.43,75.8,BuildingB_Floor2,TypeB
1011,2025-04-05T12:19:25.000Z,25.24,74.49,BuildingA_Floor2,TypeA
1065,2025-04-04T04:16:23.000Z,18.21,52.27,BuildingB_Floor1,TypeB
1007,2025-04-05T17:17:55.000Z,15.58,77.85,BuildingA_Floor1,TypeB
1091,2025-04-07T23:28:18.000Z,34.71,74.67,BuildingB_Floor2,TypeB
1039,2025-04-04T20:07:37.000Z,20.25,36.24,BuildingA_Floor1,TypeC
1096,2025-04-05T06:04:07.000Z,29.52,63.17,BuildingA_Floor2,TypeB
1082,2025-04-05T13:24:17.000Z,31.57,72.52,BuildingA_Floor1,TypeA
1011,2025-04-06T04:34:01.000Z,19.15,40.71,BuildingB_Floor2,TypeC
1038,2025-04-07T10:51:38.000Z,20.58,41.01,BuildingA_Floor2,TypeA
1020,2025-04-06T00:27:58.000Z,32.62,37.59,BuildingB_Floor1,TypeC
1027,2025-04-05T00:44:24.000Z,22.54,39.98,BuildingB_Floor2,TypeC
1048,2025-04-04T14:12:10.000Z,24.58,76.26,BuildingB_Floor2,TypeA
1032,2025-04-05T08:46:29.000Z,32.06,59.7,BuildingA_Floor1,TypeA
1038,2025-04-05T11:46:53.000Z,23.44,47.54,BuildingB_Floor2,TypeB
1023,2025-04-04T22:48:49.000Z,20.62,38.04,BuildingA_Floor1,TypeA
1030,2025-04-05T05:09:41.000Z,22.93,75.27,BuildingB_Floor2,TypeA
1008,2025-04-07T18:02:24.000Z,31.94,52.24,BuildingB_Floor1,TypeA
1058,2025-04-06T12:01:35.000Z,29.33,77.16,BuildingB_Floor1,TypeB
1028,2025-04-04T23:19:31.000Z,27.31,32.11,BuildingB_Floor2,TypeC
1091,2025-04-04T10:26:04.000Z,29.89,43.74,BuildingA_Floor2,TypeA
1034,2025-04-05T08:11:40.000Z,16.51,73.41,BuildingA_Floor2,TypeA
1004,2025-04-06T11:38:53.000Z,22.83,77.97,BuildingB_Floor2,TypeB
1020,2025-04-06T05:33:35.000Z,30.08,71.32,BuildingA_Floor1,TypeB
1046,2025-04-06T10:56:07.000Z,24.99,54.12,BuildingB_Floor1,TypeB
1094,2025-04-06T21:59:22.000Z,33.9,53.04,BuildingA_Floor2,TypeB
1012,2025-04-05T19:22:58.000Z,33.03,78.81,BuildingB_Floor2,TypeA
1073,2025-04-04T05:54:12.000Z,17.55,65.46,BuildingA_Floor1,TypeA
1028,2025-04-07T07:13:37.000Z,34.49,30.85,BuildingB_Floor1,TypeB
1099,2025-04-07T09:03:13.000Z,31.37,50.03,BuildingB_Floor2,TypeC
1036,2025-04-08T22:13:30.000Z,16.46,50.41,BuildingB_Floor2,TypeB
1004,2025-04-06T23:54:36.000Z,28.29,74.93,BuildingB_Floor1,TypeA
1007,2025-04-04T08:35:47.000Z,16.18,57.81,BuildingA_Floor1,TypeB
1057,2025-04-04T19:07:28.000Z,22.88,46.92,BuildingA_Floor1,TypeB
1084,2025-04-05T15:20:30.000Z,22.28,48.36,BuildingB_Floor1,TypeA
1040,2025-04-04T06:06:29.000Z,17.17,77.25,BuildingB_Floor2,TypeB
1037,2025-04-08T16:22:16.000Z,20.97,41.55,BuildingB_Floor1,TypeB
1053,2025-04-06T18:44:44.000Z,22.3,64.85,BuildingB_Floor1,TypeA
1038,2025-04-06T18:27:11.000Z,29.13,32.05,BuildingB_Floor1,TypeB
1044,2025-04-06T22:09:24.000Z,34.77,74.78,BuildingA_Floor2,TypeC
1094,2025-04-05T04:08:23.000Z,17.94,49.34,BuildingA_Floor1,TypeB
1009,2025-04-07T02:00:58.000Z,15.67,47.19,BuildingB_Floor2,TypeC
1038,2025-04-05T23:09:26.000Z,34.94,66.36,BuildingB_Floor2,TypeB
1093,2025-04-07T10:37:18.000Z,16.31,48.37,BuildingB_Floor2,TypeB
1014,2025-04-06T19:30:16.000Z,28.49,33.72,BuildingA_Floor1,TypeB
1045,2025-04-08T10:09:05.000Z,21.5,56.89,BuildingA_Floor1,TypeC
1084,2025-04-05T10:57:54.000Z,17.3,43.81,BuildingA_Floor1,TypeA
1055,2025-04-05T21:08:55.000Z,15.86,70.52,BuildingB_Floor2,TypeA
1072,2025-04-08T14:57:29.000Z,30.06,77.42,BuildingA_Floor1,TypeA
1019,2025-04-07T09:13:50.000Z,23.56,54.33,BuildingB_Floor2,TypeA
1055,2025-04-04T16:45:11.000Z,27.14,72.52,BuildingA_Floor1,TypeB
1001,2025-04-05T11:10:44.000Z,28.96,61.48,BuildingA_Floor1,TypeC
1085,2025-04-07T18:58:23.000Z,32.95,78.56,BuildingA_Floor2,TypeA
1060,2025-04-05T02:17:57.000Z,29.99,56.32,BuildingA_Floor1,TypeA
1058,2025-04-05T19:17:30.000Z,33.09,55.96,BuildingA_Floor2,TypeB
1100,2025-04-04T18:32:46.000Z,16.31,33.35,BuildingB_Floor1,TypeB
1000,2025-04-06T06:11:23.000Z,22.75,46.11,BuildingB_Floor1,TypeB
1031,2025-04-06T21:15:06.000Z,28.28,79.93,BuildingA_Floor1,TypeC
1020,2025-04-05T18:26:25.000Z,28.14,66.25,BuildingB_Floor2,TypeA
1009,2025-04-07T13:35:22.000Z,22.08,70.82,BuildingA_Floor2,TypeC
1091,2025-04-08T13:02:13.000Z,15.66,79.11,BuildingB_Floor1,TypeB
1058,2025-04-08T01:54:40.000Z,34.41,78.92,BuildingA_Floor1,TypeB
1098,2025-04-07T12:46:08.000Z,21.8,31.38,BuildingA_Floor2,TypeB
1017,2025-04-06T04:07:19.000Z,24.54,76.11,BuildingB_Floor1,TypeC
1058,2025-04-04T07:25:40.000Z,26.15,34.77,BuildingA_Floor2,TypeB
1013,2025-04-04T11:43:56.000Z,28.65,75.62,BuildingB_Floor1,TypeC
1003,2025-04-04T09:42:49.000Z,15.3,69.67,BuildingB_Floor1,TypeA
1084,2025-04-04T02:26:11.000Z,29.75,78.17,BuildingA_Floor2,TypeA
1054,2025-04-04T13:39:21.000Z,20.27,52.77,BuildingB_Floor1,TypeC
1026,2025-04-08T07:48:40.000Z,34.91,53.08,BuildingB_Floor1,TypeA
1034,2025-04-05T11:48:56.000Z,29.08,41.84,BuildingA_Floor1,TypeA
1008,2025-04-06T08:10:54.000Z,16.16,79.09,BuildingB_Floor2,TypeB
1052,2025-04-08T14:15:26.000Z,21.83,65.05,BuildingB_Floor1,TypeA
1045,2025-04-08T17:44:04.000Z,25.92,52.23,BuildingB_Floor1,TypeB
1001,2025-04-06T01:21:40.000Z,28.55,32.49,BuildingA_Floor2,TypeB
1071,2025-04-08T20:02:37.000Z,29.35,72.8,BuildingA_Floor2,TypeC
1061,2025-04-04T11:29:32.000Z,16.69,46.99,BuildingB_Floor2,TypeB
1012,2025-04-08T00:46:44.000Z,30.36,65.71,BuildingA_Floor1,TypeB
1015,2025-04-04T05:30:45.000Z,26.76,78.33,BuildingB_Floor2,TypeB
1070,2025-04-05T19:03:25.000Z,15.63,79.15,BuildingA_Floor1,TypeB
1007,2025-04-04T21:35:39.000Z,16.05,56.19,BuildingB_Floor2,TypeB
1048,2025-04-06T23:34:30.000Z,31.01,39.64,BuildingB_Floor1,TypeC
1046,2025-04-08T01:41:24.000Z,31.08,51.41,BuildingB_Floor1,TypeC
1031,2025-04-06T06:10:41.000Z,25.82,33.84,BuildingA_Floor2,TypeB
1070,2025-04-05T11:47:57.000Z,24.14,43.5,BuildingA_Floor2,TypeA
1036,2025-04-08T16:17:47.000Z,32.82,35.09,BuildingB_Floor1,TypeA
1029,2025-04-06T12:56:36.000Z,22.08,54.85,BuildingA_Floor1,TypeA
1081,2025-04-06T13:40:35.000Z,16.32,54.33,BuildingA_Floor2,TypeB
1088,2025-04-07T02:59:26.000Z,27.46,75.09,BuildingA_Floor2,TypeA
1009,2025-04-06T20:29:20.000Z,32.03,50.61,BuildingA_Floor1,TypeA
1008,2025-04-07T18:01:29.000Z,17.7,66.38,BuildingB_Floor1,TypeC
1040,2025-04-07T16:30:51.000Z,26.19,39.81,BuildingA_Floor1,TypeC
1001,2025-04-05T16:36:43.000Z,27.32,36.05,BuildingA_Floor1,TypeB
1044,2025-04-05T08:05:36.000Z,15.9,69.73,BuildingA_Floor2,TypeC
1055,2025-04-06T08:56:26.000Z,18.96,57.6,BuildingA_Floor2,TypeA
1035,2025-04-05T05:13:37.000Z,26.61,33.13,BuildingB_Floor2,TypeB
1010,2025-04-05T06:36:14.000Z,27.01,43.02,BuildingB_Floor2,TypeA
1001,2025-04-04T05:21:08.000Z,26.83,70.38,BuildingB_Floor1,TypeB
1021,2025-04-08T20:56:48.000Z,26.73,55.8,BuildingA_Floor2,TypeB
1073,2025-04-04T08:11:52.000Z,24.79,71.37,BuildingA_Floor2,TypeC
1053,2025-04-08T21:35:44.000Z,16.19,54.88,BuildingB_Floor1,TypeA
1091,2025-04-07T14:04:36.000Z,19.22,72.53,BuildingA_Floor1,TypeC
1089,2025-04-07T16:53:42.000Z,27.95,35.79,BuildingA_Floor1,TypeB
1081,2025-04-04T02:50:57.000Z,17.84,34.4,BuildingA_Floor1,TypeB
1077,2025-04-07T20:26:04.000Z,15.42,52.21,BuildingA_Floor2,TypeC
1070,2025-04-04T00:28:18.000Z,18.97,40.27,BuildingA_Floor1,TypeB
1038,2025-04-07T23:09:40.000Z,33.32,59.09,BuildingB_Floor1,TypeC
1058,2025-04-05T10:05:49.000Z,27.72,54.16,BuildingA_Floor1,TypeA
1063,2025-04-04T08:27:08.000Z,17.53,40.13,BuildingA_Floor2,TypeC
1001,2025-04-06T13:25:31.000Z,26.64,78.94,BuildingA_Floor1,TypeC
1061,2025-04-04T00:30:41.000Z,33.99,51.32,BuildingA_Floor1,TypeB
1039,2025-04-05T19:35:57.000Z,27.27,78.53,BuildingB_Floor1,TypeB
1033,2025-04-08T22:19:17.000Z,34.25,71.78,BuildingB_Floor1,TypeB
1086,2025-04-07T10:31:27.000Z,30.94,32.88,BuildingB_Floor1,TypeC
1001,2025-04-06T11:34:57.000Z,27.02,30.88,BuildingA_Floor1,TypeB
1077,2025-04-06T22:38:04.000Z,22.71,36.47,BuildingB_Floor1,TypeA
1049,2025-04-06T04:43:02.000Z,29.85,72.57,BuildingA_Floor2,TypeA
1031,2025-04-08T19:45:28.000Z,16.94,57.7,BuildingA_Floor2,TypeB
1066,2025-04-05T22:53:44.000Z,18.79,66.39,BuildingB_Floor2,TypeC
1083,2025-04-05T07:52:51.000Z,22.55,32.05,BuildingA_Floor1,TypeC
1088,2025-04-06T19:18:47.000Z,19.59,78.67,BuildingA_Floor1,TypeC
1009,2025-04-04T03:47:45.000Z,16.08,41.16,BuildingB_Floor1,TypeB
1066,2025-04-08T12:47:29.000Z,30.4,65.7,BuildingB_Floor1,TypeA
1093,2025-04-06T05:38:13.000Z,19.1,38.64,BuildingB_Floor1,TypeB
1005,2025-04-05T07:48:37.000Z,32.65,65.12,BuildingA_Floor1,TypeB
1029,2025-04-07T04:38:10.000Z,16.96,62.47,BuildingB_Floor2,TypeC
1086,2025-04-07T08:21:38.000Z,18.34,56.08,BuildingA_Floor1,TypeC
1040,2025-04-05T22:44:37.000Z,30.01,71.43,BuildingA_Floor1,TypeB
1040,2025-04-06T12:24:41.000Z,29.07,71.2,BuildingA_Floor1,TypeA
1088,2025-04-06T14:27:26.000Z,34.58,52.2,BuildingA_Floor2,TypeC
1062,2025-04-06T16:27:08.000Z,34.77,48.13,BuildingA_Floor1,TypeB
1033,2025-04-06T22:47:42.000Z,24.41,37.69,BuildingA_Floor2,TypeA
1083,2025-04-07T11:00:09.000Z,24.38,33.95,BuildingA_Floor1,TypeB
1034,2025-04-05T11:36:03.000Z,30.1,35.53,BuildingA_Floor1,TypeB
1026,2025-04-07T07:24:43.000Z,17.09,36.96,BuildingA_Floor2,TypeC
1024,2025-04-05T18:45:13.000Z,29.02,48.08,BuildingA_Floor2,TypeC
1070,2025-04-07T10:49:59.000Z,17.59,37.13,BuildingA_Floor2,TypeB
1046,2025-04-07T06:38:50.000Z,15.04,35.63,BuildingB_Floor2,TypeA
1006,2025-04-07T07:22:09.000Z,19.64,43.6,BuildingA_Floor2,TypeB
1028,2025-04-08T14:57:37.000Z,22.69,49.82,BuildingA_Floor1,TypeA
1071,2025-04-05T23:04:19.000Z,15.89,55.42,BuildingB_Floor2,TypeB
1075,2025-04-05T04:40:58.000Z,17.63,67.36,BuildingA_Floor2,TypeC
1098,2025-04-08T01:58:29.000Z,17.36,58.53,BuildingA_Floor2,TypeC
1034,2025-04-06T19:09:43.000Z,26.71,42.48,BuildingB_Floor1,TypeB
1049,2025-04-07T10:12:32.000Z,29.95,73.21,BuildingB_Floor1,TypeC
1057,2025-04-08T04:05:10.000Z,16.31,47.68,BuildingA_Floor2,TypeC
1048,2025-04-08T08:42:31.000Z,33.31,78.32,BuildingA_Floor1,TypeB
1062,2025-04-05T21:31:58.000Z,29.28,58.38,BuildingB_Floor1,TypeB
1058,2025-04-08T21:04:27.000Z,30.28,43.21,BuildingA_Floor2,TypeB
1046,2025-04-06T10:33:38.000Z,31.64,30.43,BuildingA_Floor2,TypeC
1096,2025-04-05T05:45:28.000Z,23.79,32.98,BuildingB_Floor2,TypeA
1024,2025-04-07T11:48:32.000Z,25.52,41.01,BuildingB_Floor1,TypeA
1092,2025-04-06T02:11:25.000Z,28.35,60.0,BuildingA_Floor1,TypeB
1074,2025-04-06T18:59:23.000Z,29.42,65.33,BuildingA_Floor2,TypeB
1051,2025-04-05T21:01:02.000Z,30.74,69.23,BuildingA_Floor2,TypeC
1083,2025-04-04T11:22:03.000Z,19.15,48.86,BuildingB_Floor2,TypeB
1030,2025-04-06T05:02:34.000Z,16.36,58.88,BuildingB_Floor2,TypeA
1079,2025-04-06T18:12:26.000Z,20.87,74.8,BuildingA_Floor2,TypeB
1056,2025-04-06T15:57:59.000Z,25.13,68.72,BuildingB_Floor1,TypeA
1094,2025-04-08T13:52:49.000Z,30.28,47.16,BuildingA_Floor2,TypeB
1099,2025-04-06T05:34:12.000Z,24.32,69.18,BuildingA_Floor2,TypeC
1093,2025-04-07T17:00:31.000Z,30.58,74.0,BuildingB_Floor1,TypeA
1003,2025-04-04T19:06:20.000Z,31.88,64.09,BuildingB_Floor1,TypeC
1009,2025-04-07T16:14:28.000Z,25.26,31.02,BuildingA_Floor2,TypeA
1058,2025-04-07T06:38:28.000Z,27.55,78.73,BuildingA_Floor1,TypeC
1100,2025-04-05T02:59:14.000Z,20.17,52.3,BuildingA_Floor1,TypeA
1005,2025-04-05T09:43:49.000Z,29.58,72.36,BuildingB_Floor2,TypeA
1011,2025-04-07T08:32:08.000Z,20.2,46.07,BuildingB_Floor2,TypeA
1088,2025-04-07T21:10:05.000Z,27.87,49.88,BuildingB_Floor2,TypeC
1025,2025-04-04T14:53:11.000Z,17.89,73.65,BuildingB_Floor2,TypeA
1030,2025-04-07T22:07:13.000Z,18.27,42.66,BuildingB_Floor1,TypeB
1058,2025-04-08T05:27:17.000Z,17.26,54.76,BuildingA_Floor1,TypeB
1071,2025-04-06T05:22:19.000Z,17.4,37.9,BuildingA_Floor2,TypeA
1011,2025-04-07T03:59:33.000Z,30.39,58.11,BuildingA_Floor2,TypeB
1096,2025-04-04T22:04:34.000Z,17.62,64.14,BuildingB_Floor2,TypeB
1064,2025-04-06T07:26:46.000Z,25.62,79.45,BuildingB_Floor1,TypeA
1010,2025-04-06T13:45:45.000Z,25.97,62.87,BuildingB_Floor2,TypeC
1053,2025-04-05T00:43:13.000Z,30.34,41.52,BuildingB_Floor2,TypeC
1012,2025-04-05T10:51:45.000Z,27.12,42.82,BuildingB_Floor2,TypeC
1053,2025-04-08T23:06:55.000Z,24.86,77.49,BuildingB_Floor2,TypeB
1005,2025-04-06T06:36:15.000Z,15.22,34.12,BuildingB_Floor1,TypeB
1038,2025-04-05T01:04:42.000Z,32.72,67.29,BuildingB_Floor2,TypeC
1051,2025-04-05T23:58:50.000Z,16.8,32.88,BuildingA_Floor1,TypeB
1044,2025-04-04T06:27:30.000Z,28.36,73.73,BuildingA_Floor1,TypeB
1031,2025-04-08T03:10:41.000Z,20.97,60.47,BuildingB_Floor1,TypeB
1022,2025-04-05T05:19:06.000Z,21.88,75.01,BuildingA_Floor1,TypeB
1047,2025-04-08T18:40:38.000Z,33.91,76.92,BuildingB_Floor2,TypeB
1050,2025-04-06T13:50:49.000Z,30.12,58.17,BuildingA_Floor2,TypeC
1048,2025-04-06T05:19:38.000Z,29.7,41.63,BuildingA_Floor2,TypeC
1005,2025-04-06T16:27:29.000Z,22.9,51.19,BuildingA_Floor1,TypeB
1006,2025-04-06T01:00:14.000Z,28.3,35.39,BuildingA_Floor2,TypeC
1006,2025-04-07T18:35:40.000Z,17.67,59.66,BuildingB_Floor1,TypeC
1053,2025-04-08T16:52:43.000Z,18.23,31.8,BuildingB_Floor1,TypeB
1083,2025-04-04T15:23:54.000Z,26.26,31.68,BuildingA_Floor1,TypeB
1077,2025-04-05T18:36:50.000Z,19.72,58.07,BuildingA_Floor2,TypeB
1086,2025-04-08T20:03:48.000Z,27.54,65.88,BuildingB_Floor1,TypeB
1081,2025-04-08T18:34:45.000Z,25.22,33.52,BuildingB_Floor2,TypeB
1007,2025-04-06T15:07:58.000Z,32.32,72.54,BuildingB_Floor1,TypeC
1091,2025-04-04T03:36:34.000Z,23.5,64.61,BuildingB_Floor1,TypeA
1056,2025-04-06T17:50:33.000Z,28.14,37.64,BuildingB_Floor1,TypeC
1065,2025-04-05T15:58:16.000Z,18.13,64.37,BuildingA_Floor2,TypeB
1049,2025-04-06T12:46:29.000Z,20.99,76.55,BuildingB_Floor1,TypeB
1010,2025-04-05T08:22:38.000Z,17.02,74.64,BuildingB_Floor1,TypeC
1021,2025-04-07T10:04:23.000Z,24.66,39.76,BuildingB_Floor1,TypeC
1032,2025-04-07T16:16:03.000Z,33.35,76.72,BuildingA_Floor2,TypeB
1028,2025-04-07T10:03:28.000Z,28.96,31.24,BuildingB_Floor2,TypeA
1090,2025-04-08T18:43:57.000Z,17.9,50.42,BuildingA_Floor1,TypeB
1047,2025-04-07T22:02:27.000Z,31.02,50.51,BuildingB_Floor2,TypeA
1071,2025-04-06T01:13:48.000Z,27.2,48.08,BuildingB_Floor2,TypeA
1084,2025-04-05T09:39:34.000Z,26.07,62.39,BuildingB_Floor1,TypeC
1011,2025-04-06T14:01:29.000Z,16.05,60.85,BuildingB_Floor1,TypeC
1070,2025-04-08T02:43:05.000Z,21.44,76.92,BuildingB_Floor1,TypeA
1018,2025-04-06T01:37:04.000Z,23.62,79.87,BuildingB_Floor2,TypeB
1057,2025-04-05T20:03:34.000Z,21.7,44.29,BuildingB_Floor1,TypeB
1007,2025-04-06T22:54:52.000Z,26.97,56.75,BuildingA_Floor1,TypeC
1036,2025-04-06T05:14:48.000Z,28.83,65.24,BuildingB_Floor2,TypeA
1091,2025-04-05T10:17:05.000Z,21.6,54.42,BuildingA_Floor2,TypeB
1030,2025-04-08T08:31:35.000Z,15.76,39.77,BuildingA_Floor1,TypeC
1004,2025-04-05T22:34:26.000Z,32.75,38.14,BuildingB_Floor2,TypeB
1077,2025-04-06T15:34:26.000Z,30.41,69.94,BuildingB_Floor1,TypeA
1010,2025-04-05T04:27:39.000Z,34.08,72.95,BuildingA_Floor1,TypeA
1030,2025-04-04T11:47:45.000Z,32.59,74.9,BuildingA_Floor2,TypeC
1012,2025-04-05T02:41:28.000Z,19.1,36.54,BuildingB_Floor1,TypeC
1082,2025-04-07T05:40:00.000Z,22.23,53.32,BuildingB_Floor2,TypeA
1026,2025-04-06T17:40:36.000Z,15.33,31.26,BuildingB_Floor2,TypeA
1037,2025-04-06T20:19:03.000Z,24.77,32.87,BuildingB_Floor1,TypeB
1075,2025-04-08T05:32:06.000Z,18.19,67.06,BuildingA_Floor2,TypeB
1090,2025-04-07T05:58:39.000Z,26.3,32.54,BuildingA_Floor1,TypeA
1061,2025-04-04T15:45:27.000Z,29.98,70.83,BuildingB_Floor1,TypeA
1049,2025-04-06T21:26:30.000Z,24.29,69.94,BuildingB_Floor2,TypeB
1080,2025-04-08T07:03:18.000Z,32.27,72.39,BuildingA_Floor1,TypeA
1050,2025-04-08T05:06:53.000Z,24.48,75.57,BuildingA_Floor2,TypeA
1057,2025-04-07T18:58:25.000Z,24.75,44.2,BuildingA_Floor2,TypeC
1095,2025-04-05T22:42:31.000Z,30.35,37.4,BuildingA_Floor1,TypeA
1087,2025-04-04T05:37:36.000Z,22.02,58.32,BuildingA_Floor2,TypeB
1053,2025-04-04T01:01:35.000Z,18.52,59.84,BuildingA_Floor2,TypeA
1042,2025-04-04T18:32:45.000Z,21.26,31.66,BuildingB_Floor2,TypeA
1006,2025-04-06T11:57:27.000Z,23.01,33.35,BuildingB_Floor2,TypeB
1045,2025-04-03T23:27:06.000Z,32.57,54.67,BuildingA_Floor1,TypeC
1070,2025-04-08T02:01:06.000Z,24.78,56.61,BuildingB_Floor1,TypeB
1082,2025-04-06T00:53:16.000Z,34.8,51.75,BuildingB_Floor2,TypeB
1066,2025-04-06T23:08:27.000Z,26.54,57.86,BuildingB_Floor2,TypeB
1031,2025-04-08T22:05:09.000Z,23.63,51.56,BuildingB_Floor2,TypeB
1024,2025-04-06T03:56:27.000Z,31.37,37.03,BuildingB_Floor1,TypeA
1045,2025-04-05T12:09:02.000Z,31.38,36.56,BuildingB_Floor2,TypeA
1012,2025-04-07T21:18:31.000Z,22.84,57.35,BuildingB_Floor2,TypeC
1044,2025-04-04T02:42:43.000Z,26.69,42.82,BuildingB_Floor1,TypeB
1024,2025-04-07T17:29:29.000Z,24.47,55.14,BuildingB_Floor2,TypeC
1031,2025-04-04T18:13:29.000Z,29.86,60.76,BuildingB_Floor2,TypeC
1023,2025-04-07T08:14:31.000Z,33.91,34.82,BuildingA_Floor1,TypeC
1080,2025-04-05T17:42:46.000Z,28.07,51.24,BuildingA_Floor2,TypeB
1041,2025-04-08T16:59:13.000Z,25.39,74.74,BuildingA_Floor1,TypeB
1095,2025-04-04T15:26:40.000Z,22.5,74.37,BuildingA_Floor1,TypeB
1019,2025-04-08T10:11:48.000Z,32.79,31.82,BuildingA_Floor2,TypeB
1064,2025-04-08T17:17:38.000Z,21.21,44.48,BuildingB_Floor1,TypeB
1086,2025-04-04T03:52:53.000Z,30.38,30.15,BuildingA_Floor1,TypeA
1008,2025-04-05T21:11:55.000Z,31.86,54.45,BuildingB_Floor1,TypeC
1084,2025-04-04T08:24:54.000Z,16.0,72.02,BuildingA_Floor1,TypeC
1040,2025-04-04T17:10:55.000Z,22.63,50.46,BuildingA_Floor2,TypeB
1044,2025-04-08T08:00:54.000Z,29.04,56.91,BuildingB_Floor1,TypeA
1039,2025-04-08T00:40:25.000Z,19.15,72.29,BuildingB_Floor2,TypeB
1065,2025-04-06T21:08:14.000Z,24.27,33.29,BuildingB_Floor2,TypeB
1044,2025-04-05T07:59:59.000Z,26.09,49.57,BuildingA_Floor2,TypeB
1065,2025-04-06T10:17:33.000Z,33.75,35.28,BuildingB_Floor2,TypeA
1056,2025-04-04T11:36:49.000Z,23.57,31.78,BuildingB_Floor1,TypeA
1070,2025-04-06T21:42:20.000Z,33.52,70.36,BuildingB_Floor2,TypeB
1091,2025-04-05T00:26:13.000Z,16.86,61.72,BuildingA_Floor2,TypeC
1044,2025-04-07T16:36:58.000Z,15.09,66.64,BuildingA_Floor2,TypeC
1001,2025-04-05T06:49:48.000Z,18.81,54.17,BuildingB_Floor1,TypeA
1017,2025-04-04T04:47:16.000Z,26.88,40.53,BuildingA_Floor2,TypeB
1038,2025-04-08T19:58:46.000Z,16.49,61.16,BuildingA_Floor1,TypeB
1021,2025-04-05T11:59:19.000Z,24.97,57.57,BuildingB_Floor2,TypeC
1061,2025-04-07T04:29:52.000Z,34.17,71.66,BuildingA_Floor2,TypeC
1091,2025-04-08T02:46:14.000Z,33.75,42.25,BuildingA_Floor2,TypeC
1056,2025-04-07T09:08:38.000Z,34.78,63.05,BuildingB_Floor2,TypeA
1063,2025-04-06T00:40:02.000Z,15.52,48.0,BuildingA_Floor1,TypeB
1068,2025-04-08T06:43:07.000Z,23.52,52.08,BuildingA_Floor2,TypeA
1000,2025-04-06T12:24:34.000Z,29.59,52.63,BuildingB_Floor2,TypeC
1016,2025-04-08T12:22:40.000Z,17.39,59.27,BuildingB_Floor1,TypeC
1100,2025-04-08T21:28:11.000Z,31.79,51.96,BuildingA_Floor2,TypeC
1063,2025-04-08T21:24:28.000Z,22.83,63.82,BuildingB_Floor2,TypeB
1032,2025-04-06T07:06:58.000Z,15.91,62.07,BuildingB_Floor2,TypeA
1024,2025-04-05T15:38:48.000Z,26.86,46.38,BuildingB_Floor2,TypeA
1011,2025-04-06T23:47:45.000Z,27.72,76.18,BuildingA_Floor1,TypeA
1097,2025-04-07T22:09:27.000Z,21.13,32.03,BuildingB_Floor1,TypeC
1069,2025-04-05T09:18:43.000Z,21.72,34.52,BuildingA_Floor2,TypeB
1090,2025-04-07T09:00:18.000Z,32.93,55.16,BuildingA_Floor1,TypeA
1025,2025-04-08T16:39:01.000Z,19.88,47.62,BuildingB_Floor2,TypeC
1011,2025-04-04T22:02:19.000Z,20.64,70.57,BuildingB_Floor2,TypeB
1058,2025-04-05T22:16:56.000Z,29.08,71.66,BuildingB_Floor2,TypeC
1054,2025-04-05T22:26:25.000Z,27.04,39.96,BuildingA_Floor2,TypeA
1087,2025-04-06T00:52:49.000Z,16.65,73.07,BuildingA_Floor1,TypeC
1072,2025-04-06T10:15:41.000Z,29.57,40.25,BuildingB_Floor1,TypeA
1065,2025-04-08T22:36:19.000Z,34.47,69.23,BuildingB_Floor1,TypeB
1051,2025-04-07T03:25:07.000Z,34.85,51.3,BuildingA_Floor2,TypeA
1027,2025-04-04T14:21:18.000Z,28.01,66.12,BuildingB_Floor2,TypeA
1049,2025-04-04T06:07:32.000Z,15.01,34.45,BuildingA_Floor2,TypeC
1085,2025-04-04T09:38:35.000Z,22.96,57.5,BuildingA_Floor1,TypeA
1043,2025-04-08T19:22:27.000Z,29.71,66.62,BuildingB_Floor2,TypeA
1057,2025-04-07T17:27:38.000Z,26.7,73.35,BuildingA_Floor2,TypeA
1007,2025-04-05T13:09:20.000Z,30.27,31.2,BuildingB_Floor2,TypeB
1018,2025-04-07T04:21:22.000Z,31.98,63.35,BuildingB_Floor2,TypeB
1086,2025-04-07T05:55:33.000Z,33.88,73.87,BuildingB_Floor1,TypeA
1060,2025-04-04T02:12:11.000Z,22.47,63.96,BuildingA_Floor2,TypeB
1031,2025-04-04T11:20:15.000Z,21.75,79.72,BuildingA_Floor1,TypeA
1071,2025-04-07T16:30:51.000Z,26.39,61.76,BuildingB_Floor2,TypeC
1025,2025-04-07T00:11:51.000Z,33.03,49.05,BuildingA_Floor2,TypeA
1037,2025-04-06T04:34:18.000Z,32.45,52.06,BuildingB_Floor2,TypeB
1044,2025-04-05T14:55:05.000Z,32.74,49.77,BuildingB_Floor2,TypeB
1019,2025-04-06T20:54:19.000Z,30.54,51.46,BuildingB_Floor2,TypeB
1005,2025-04-08T16:46:28.000Z,16.75,79.6,BuildingB_Floor1,TypeB
1061,2025-04-08T16:49:00.000Z,15.01,70.1,BuildingB_Floor1,TypeC
1056,2025-04-08T13:08:35.000Z,27.44,30.26,BuildingB_Floor2,TypeA
1070,2025-04-08T08:29:03.000Z,31.61,57.39,BuildingB_Floor1,TypeA
1065,2025-04-04T10:19:54.000Z,22.36,59.81,BuildingA_Floor1,TypeB
1027,2025-04-08T05:43:08.000Z,20.38,52.11,BuildingB_Floor1,TypeC
1080,2025-04-05T18:00:29.000Z,28.77,65.27,BuildingB_Floor2,TypeB
1077,2025-04-05T14:18:14.000Z,21.14,51.85,BuildingA_Floor1,TypeB
1001,2025-04-05T20:49:43.000Z,15.59,66.14,BuildingB_Floor2,TypeB
1064,2025-04-06T00:16:25.000Z,30.97,33.54,BuildingA_Floor2,TypeB
1044,2025-04-05T09:05:35.000Z,18.39,63.46,BuildingB_Floor2,TypeC
1019,2025-04-05T11:38:55.000Z,32.76,52.07,BuildingA_Floor2,TypeC
1099,2025-04-04T05:54:35.000Z,22.88,45.05,BuildingA_Floor2,TypeC
1029,2025-04-07T17:18:52.000Z,18.09,43.59,BuildingA_Floor1,TypeB
1047,2025-04-04T20:46:37.000Z,23.38,37.64,BuildingA_Floor2,TypeC
1070,2025-04-06T18:57:37.000Z,21.94,68.94,BuildingB_Floor1,TypeB
1039,2025-04-08T21:52:26.000Z,27.9,41.07,BuildingA_Floor2,TypeB
1078,2025-04-04T23:25:38.000Z,22.83,42.36,BuildingA_Floor1,TypeB
1039,2025-04-06T11:17:37.000Z,32.55,44.69,BuildingB_Floor1,TypeC
1008,2025-04-06T14:08:24.000Z,24.34,71.3,BuildingB_Floor2,TypeB
1033,2025-04-08T19:18:34.000Z,17.32,34.81,BuildingA_Floor1,TypeA
1059,2025-04-04T22:48:07.000Z,26.3,43.25,BuildingB_Floor1,TypeA
1057,2025-04-04T05:47:37.000Z,20.49,65.27,BuildingB_Floor1,TypeC
1076,2025-04-08T09:00:20.000Z,34.39,46.4,BuildingB_Floor2,TypeA
1066,2025-04-04T12:38:55.000Z,27.19,32.91,BuildingB_Floor1,TypeC
1015,2025-04-07T04:34:35.000Z,15.37,30.37,BuildingA_Floor1,TypeB
1070,2025-04-06T07:34:57.000Z,20.23,52.74,BuildingB_Floor1,TypeB
1045,2025-04-05T07:36:14.000Z,16.72,79.89,BuildingB_Floor1,TypeB
1050,2025-04-08T16:47:14.000Z,27.98,38.6,BuildingB_Floor1,TypeB
1001,2025-04-07T15:27:46.000Z,32.77,33.32,BuildingA_Floor2,TypeC
1038,2025-04-08T20:26:15.000Z,23.12,79.65,BuildingA_Floor2,TypeB
1089,2025-04-08T15:16:07.000Z,27.47,61.43,BuildingB_Floor1,TypeB
1027,2025-04-05T08:07:44.000Z,19.24,34.02,BuildingA_Floor1,TypeC
1075,2025-04-06T12:18:47.000Z,25.67,60.84,BuildingA_Floor2,TypeB
1010,2025-04-05T19:35:33.000Z,19.51,32.36,BuildingA_Floor1,TypeC
1097,2025-04-04T12:47:00.000Z,25.4,36.21,BuildingA_Floor2,TypeA
1064,2025-04-08T02:35:35.000Z,27.97,50.11,BuildingB_Floor2,TypeA
1084,2025-04-06T04:16:28.000Z,24.15,31.42,BuildingA_Floor1,TypeB
1024,2025-04-08T22:44:44.000Z,30.71,30.33,BuildingA_Floor1,TypeA
1075,2025-04-05T02:42:39.000Z,30.72,45.35,BuildingA_Floor2,TypeA
1051,2025-04-05T08:37:30.000Z,15.77,39.87,BuildingB_Floor1,TypeA
1065,2025-04-04T01:18:48.000Z,15.98,34.59,BuildingA_Floor1,TypeC
1054,2025-04-05T03:51:39.000Z,24.08,77.2,BuildingB_Floor2,TypeC
1036,2025-04-08T02:09:51.000Z,28.06,45.14,BuildingA_Floor1,TypeB
1082,2025-04-06T21:59:53.000Z,17.26,62.31,BuildingB_Floor2,TypeC
1071,2025-04-04T12:09:44.000Z,27.9,50.45,BuildingB_Floor2,TypeA
1015,2025-04-08T22:52:49.000Z,33.07,61.16,BuildingA_Floor1,TypeB
1076,2025-04-06T08:31:17.000Z,27.77,54.78,BuildingA_Floor2,TypeA
1024,2025-04-07T04:44:35.000Z,23.15,47.94,BuildingA_Floor1,TypeB
1079,2025-04-05T17:52:35.000Z,31.29,31.23,BuildingA_Floor2,TypeB
1000,2025-04-06T16:38:17.000Z,18.51,43.41,BuildingB_Floor2,TypeC
1078,2025-04-07T17:47:18.000Z,27.49,52.54,BuildingB_Floor2,TypeB
1068,2025-04-08T17:13:37.000Z,25.06,33.32,BuildingA_Floor1,TypeC
1045,2025-04-06T18:56:38.000Z,18.75,77.0,BuildingA_Floor2,TypeA
1003,2025-04-04T21:34:02.000Z,33.43,33.25,BuildingA_Floor2,TypeB
1018,2025-04-08T16:46:37.000Z,23.63,57.14,BuildingB_Floor2,TypeB
1066,2025-04-07T06:37:12.000Z,22.38,69.5,BuildingA_Floor2,TypeA
1068,2025-04-04T10:59:45.000Z,22.9,65.91,BuildingA_Floor1,TypeA
1088,2025-04-07T15:18:24.000Z,31.03,75.46,BuildingA_Floor1,TypeB
1056,2025-04-04T15:12:51.000Z,31.4,70.79,BuildingA_Floor2,TypeA
1029,2025-04-04T00:43:53.000Z,25.63,36.0,BuildingA_Floor1,TypeA
1049,2025-04-08T11:43:28.000Z,24.98,35.45,BuildingA_Floor2,TypeA
1031,2025-04-06T19:55:06.000Z,23.2,39.37,BuildingB_Floor2,TypeC
1065,2025-04-05T04:40:51.000Z,32.76,36.83,BuildingB_Floor1,TypeA
1074,2025-04-07T18:57:01.000Z,20.15,36.47,BuildingA_Floor1,TypeB
1013,2025-04-05T02:32:44.000Z,29.14,65.94,BuildingA_Floor2,TypeA
1087,2025-04-06T12:11:27.000Z,28.69,72.82,BuildingB_Floor1,TypeA
1073,2025-04-06T02:37:29.000Z,15.77,34.56,BuildingA_Floor2,TypeB
1021,2025-04-06T01:26:28.000Z,18.06,59.3,BuildingA_Floor2,TypeC
1055,2025-04-08T17:46:09.000Z,18.62,38.09,BuildingB_Floor1,TypeB
1085,2025-04-05T23:22:07.000Z,29.03,34.48,BuildingA_Floor1,TypeB
1022,2025-04-08T06:27:32.000Z,32.14,60.78,BuildingA_Floor2,TypeB
1009,2025-04-08T17:51:31.000Z,30.05,49.22,BuildingB_Floor1,TypeC
1021,2025-04-05T23:11:41.000Z,33.44,72.84,BuildingB_Floor2,TypeA
1005,2025-04-07T16:46:12.000Z,27.8,36.97,BuildingB_Floor1,TypeA
1091,2025-04-05T16:38:03.000Z,20.97,35.78,BuildingB_Floor2,TypeB
1064,2025-04-07T09:55:43.000Z,24.26,47.86,BuildingB_Floor2,TypeB
1067,2025-04-03T23:17:06.000Z,17.04,31.28,BuildingA_Floor2,TypeB
1053,2025-04-06T11:35:21.000Z,31.61,56.72,BuildingB_Floor2,TypeB
1063,2025-04-04T05:39:42.000Z,26.55,67.59,BuildingB_Floor1,TypeA
1022,2025-04-04T00:02:18.000Z,25.88,38.53,BuildingA_Floor2,TypeA
1046,2025-04-07T00:28:10.000Z,21.16,33.88,BuildingA_Floor2,TypeC
1074,2025-04-06T09:55:35.000Z,25.39,36.77,BuildingA_Floor2,TypeC
1079,2025-04-05T07:40:26.000Z,26.91,30.1,BuildingB_Floor1,TypeA
1007,2025-04-05T11:40:09.000Z,17.69,54.57,BuildingB_Floor2,TypeC
1007,2025-04-06T11:51:35.000Z,27.73,77.23,BuildingA_Floor1,TypeA
1054,2025-04-05T17:50:54.000Z,19.41,71.2,BuildingB_Floor2,TypeA
1079,2025-04-07T23:16:48.000Z,24.9,41.13,BuildingB_Floor1,TypeA
1089,2025-04-05T16:45:12.000Z,20.85,41.42,BuildingA_Floor2,TypeA
1035,2025-04-07T17:39:19.000Z,33.27,41.98,BuildingB_Floor2,TypeA
1082,2025-04-06T05:11:51.000Z,32.29,65.22,BuildingB_Floor1,TypeB
1099,2025-04-08T05:50:00.000Z,18.72,74.79,BuildingB_Floor2,TypeC
1021,2025-04-04T18:46:44.000Z,18.62,58.68,BuildingA_Floor1,TypeB
1063,2025-04-04T11:53:07.000Z,29.32,71.91,BuildingA_Floor2,TypeC
1033,2025-04-05T23:03:03.000Z,28.34,47.49,BuildingA_Floor2,TypeB
1092,2025-04-04T21:32:50.000Z,16.85,71.75,BuildingB_Floor1,TypeA
1032,2025-04-04T14:16:37.000Z,15.09,72.81,BuildingA_Floor1,TypeC
1011,2025-04-07T22:22:03.000Z,30.87,59.38,BuildingA_Floor2,TypeC
1042,2025-04-07T23:01:26.000Z,18.83,68.01,BuildingB_Floor2,TypeB
1038,2025-04-04T19:49:28.000Z,21.38,61.14,BuildingA_Floor1,TypeC
1054,2025-04-04T14:22:14.000Z,30.85,49.26,BuildingB_Floor1,TypeB
1039,2025-04-06T00:29:25.000Z,22.68,73.74,BuildingB_Floor1,TypeB
1025,2025-04-06T23:44:22.000Z,21.75,42.95,BuildingB_Floor2,TypeB
1082,2025-04-07T07:53:26.000Z,26.44,41.7,BuildingA_Floor2,TypeC
1016,2025-04-05T20:31:28.000Z,33.22,76.26,BuildingA_Floor2,TypeC
1044,2025-04-08T05:50:33.000Z,18.08,46.15,BuildingB_Floor2,TypeC
1053,2025-04-07T09:18:48.000Z,34.18,36.51,BuildingA_Floor1,TypeC
1088,2025-04-05T05:56:41.000Z,20.34,69.86,BuildingB_Floor2,TypeA
1082,2025-04-05T06:38:43.000Z,28.59,77.62,BuildingA_Floor1,TypeC
1022,2025-04-05T03:21:46.000Z,15.78,37.54,BuildingB_Floor1,TypeC
1069,2025-04-08T11:58:04.000Z,23.47,37.85,BuildingA_Floor2,TypeA
1080,2025-04-07T12:58:23.000Z,31.04,75.95,BuildingB_Floor1,TypeB
1079,2025-04-06T19:55:12.000Z,21.9,52.36,BuildingA_Floor1,TypeB
1081,2025-04-07T17:52:11.000Z,29.46,45.91,BuildingA_Floor1,TypeA
1059,2025-04-06T08:09:34.000Z,20.34,79.83,BuildingA_Floor1,TypeB
1063,2025-04-04T04:01:21.000Z,25.85,74.95,BuildingB_Floor1,TypeB
1053,2025-04-05T18:26:42.000Z,33.2,74.07,BuildingB_Floor2,TypeC
1014,2025-04-05T18:18:45.000Z,18.35,71.61,BuildingA_Floor2,TypeB
1068,2025-04-05T11:50:34.000Z,32.61,70.51,BuildingA_Floor1,TypeB
1098,2025-04-05T20:00:02.000Z,23.35,30.12,BuildingB_Floor1,TypeB
1031,2025-04-08T05:04:59.000Z,33.99,68.76,BuildingB_Floor1,TypeB
1046,2025-04-08T04:53:58.000Z,23.99,57.22,BuildingB_Floor1,TypeA
1069,2025-04-08T11:33:55.000Z,15.43,46.92,BuildingB_Floor1,TypeB
1004,2025-04-08T06:03:13.000Z,32.25,45.65,BuildingB_Floor2,TypeA
1039,2025-04-04T17:48:37.000Z,19.19,73.51,BuildingA_Floor2,TypeB
1089,2025-04-08T13:21:41.000Z,29.55,76.27,BuildingA_Floor1,TypeA
1059,2025-04-04T07:03:41.000Z,27.41,55.54,BuildingB_Floor2,TypeB
1023,2025-04-06T05:11:39.000Z,20.44,72.02,BuildingA_Floor1,TypeC
1038,2025-04-04T21:26:12.000Z,31.86,65.76,BuildingB_Floor2,TypeB
1025,2025-04-07T19:35:39.000Z,29.16,60.55,BuildingB_Floor1,TypeA
1099,2025-04-06T13:40:58.000Z,17.21,47.6,BuildingA_Floor2,TypeB
1009,2025-04-04T04:53:58.000Z,20.89,49.2,BuildingB_Floor2,TypeA
1032,2025-04-05T17:08:00.000Z,27.7,58.66,BuildingA_Floor2,TypeB
1036,2025-04-07T08:56:47.000Z,33.06,63.83,BuildingB_Floor1,TypeC
1020,2025-04-07T01:22:11.000Z,29.72,41.97,BuildingA_Floor2,TypeB
1018,2025-04-08T07:48:23.000Z,32.37,36.14,BuildingA_Floor1,TypeC
1086,2025-04-08T05:17:27.000Z,21.93,40.08,BuildingA_Floor1,TypeA
1000,2025-04-04T04:29:09.000Z,24.41,48.8,BuildingA_Floor2,TypeB
1024,2025-04-08T03:22:32.000Z,17.93,68.46,BuildingB_Floor1,TypeC
1026,2025-04-07T16:18:07.000Z,15.47,70.02,BuildingB_Floor1,TypeC
1086,2025-04-05T18:52:04.000Z,32.63,56.97,BuildingA_Floor1,TypeB
1095,2025-04-06T12:43:06.000Z,32.91,58.69,BuildingA_Floor2,TypeC
1098,2025-04-06T23:44:30.000Z,30.02,48.66,BuildingB_Floor1,TypeA
1073,2025-04-04T23:35:20.000Z,20.3,70.18,BuildingB_Floor1,TypeB
1088,2025-04-08T06:15:09.000Z,15.21,78.43,BuildingA_Floor2,TypeA
1067,2025-04-06T18:41:56.000Z,31.93,31.76,BuildingB_Floor1,TypeB
1065,2025-04-08T12:44:14.000Z,23.24,76.85,BuildingA_Floor1,TypeC
1013,2025-04-07T03:03:24.000Z,27.45,42.5,BuildingB_Floor2,TypeC
1057,2025-04-08T07:39:58.000Z,30.71,30.16,BuildingA_Floor2,TypeA
1025,2025-04-08T07:04:21.000Z,33.81,48.91,BuildingB_Floor1,TypeB
1001,2025-04-08T14:13:30.000Z,31.8,72.81,BuildingA_Floor1,TypeA
1038,2025-04-07T03:50:19.000Z,17.64,76.29,BuildingB_Floor2,TypeA
1092,2025-04-08T00:56:55.000Z,26.0,66.45,BuildingB_Floor2,TypeA
1020,2025-04-06T00:33:53.000Z,28.89,75.59,BuildingB_Floor1,TypeB
1022,2025-04-08T12:36:04.000Z,29.82,36.66,BuildingA_Floor1,TypeB
1055,2025-04-08T19:53:32.000Z,30.36,66.49,BuildingA_Floor1,TypeC
1078,2025-04-08T15:29:35.000Z,29.38,35.39,BuildingB_Floor2,TypeB
1016,2025-04-06T01:48:21.000Z,26.34,42.35,BuildingB_Floor1,TypeA
1042,2025-04-05T16:34:35.000Z,18.9,69.53,BuildingA_Floor1,TypeA
1053,2025-04-05T01:50:27.000Z,22.58,50.38,BuildingB_Floor2,TypeB
1091,2025-04-07T08:41:06.000Z,32.92,59.88,BuildingB_Floor1,TypeC
1083,2025-04-08T12:56:56.000Z,23.87,61.5,BuildingB_Floor1,TypeC
1087,2025-04-05T06:36:39.000Z,28.78,44.81,BuildingB_Floor1,TypeC
1087,2025-04-07T19:12:59.000Z,22.05,66.59,BuildingA_Floor2,TypeA
1080,2025-04-08T22:53:32.000Z,32.03,65.2,BuildingB_Floor1,TypeC
1030,2025-04-08T12:56:13.000Z,28.91,43.83,BuildingA_Floor1,TypeB
1037,2025-04-06T23:50:40.000Z,19.37,38.53,BuildingB_Floor1,TypeC
1060,2025-04-04T08:07:29.000Z,32.54,33.23,BuildingA_Floor2,TypeA
1002,2025-04-08T04:48:39.000Z,21.9,35.82,BuildingA_Floor2,TypeC
1045,2025-04-06T19:43:37.000Z,19.67,52.91,BuildingA_Floor1,TypeC
1048,2025-04-07T15:06:46.000Z,29.98,73.66,BuildingA_Floor1,TypeB
1057,2025-04-05T15:44:20.000Z,18.78,63.71,BuildingB_Floor2,TypeA
1089,2025-04-04T07:46:17.000Z,24.99,70.61,BuildingB_Floor2,TypeC
1044,2025-04-05T10:34:45.000Z,20.73,45.17,BuildingA_Floor1,TypeC
1038,2025-04-07T16:05:42.000Z,27.88,71.47,BuildingB_Floor1,TypeB
1095,2025-04-05T19:40:45.000Z,21.97,72.21,BuildingB_Floor1,TypeA
1055,2025-04-06T18:40:25.000Z,34.89,73.78,BuildingA_Floor2,TypeA
1091,2025-04-07T19:41:35.000Z,15.2,40.35,BuildingA_Floor2,TypeA
1062,2025-04-04T09:57:43.000Z,22.73,67.76,BuildingA_Floor1,TypeA
1035,2025-04-06T08:29:23.000Z,21.63,39.68,BuildingB_Floor2,TypeA
1046,2025-04-07T22:46:49.000Z,26.96,37.11,BuildingB_Floor2,TypeA
1025,2025-04-07T18:13:24.000Z,16.45,67.99,BuildingA_Floor1,TypeB
1072,2025-04-08T14:00:36.000Z,20.34,60.51,BuildingA_Floor2,TypeA
1092,2025-04-07T00:05:01.000Z,26.08,76.88,BuildingA_Floor2,TypeA
1005,2025-04-07T13:44:49.000Z,33.47,77.44,BuildingA_Floor1,TypeB
1072,2025-04-08T19:41:34.000Z,17.97,46.66,BuildingB_Floor1,TypeC
1038,2025-04-07T21:27:14.000Z,19.04,79.42,BuildingA_Floor1,TypeC
1067,2025-04-06T03:46:05.000Z,32.48,66.18,BuildingB_Floor1,TypeA
1079,2025-04-06T06:03:14.000Z,25.6,47.38,BuildingB_Floor2,TypeC
1092,2025-04-05T14:43:47.000Z,33.85,76.5,BuildingB_Floor2,TypeA
1090,2025-04-05T11:10:34.000Z,19.41,68.82,BuildingA_Floor1,TypeA
1030,2025-04-04T00:41:01.000Z,30.17,31.51,BuildingB_Floor1,TypeB
